{
  "config": {
    "N": 64,
    "K": 5,
    "L": 10,
    "pilot": 128
  },
  "results": {
    "0": {
      "LMS": 2.345460170901035,
      "NLMS": 2.295704457233029,
      "OMP": 3.116655519044149,
      "LASSO": 4.646927196570683,
      "LISTA": -0.13449353965285268
    },
    "5": {
      "LMS": 1.917412000591958,
      "NLMS": 1.888723286257889,
      "OMP": 2.97946827169824,
      "LASSO": 3.550210920359013,
      "LISTA": -0.13682375313368877
    },
    "10": {
      "LMS": 1.7773109212747984,
      "NLMS": 1.755066768283923,
      "OMP": 2.969788243568971,
      "LASSO": 3.1459808523051342,
      "LISTA": -0.14009082736302042
    },
    "15": {
      "LMS": 1.7346256574989363,
      "NLMS": 1.7138632792051554,
      "OMP": 2.964119349513748,
      "LASSO": 3.0153566831715386,
      "LISTA": -0.1413665219062068
    },
    "20": {
      "LMS": 1.7224920493484375,
      "NLMS": 1.7018417442944331,
      "OMP": 2.9663112301302452,
      "LASSO": 2.9763747000922764,
      "LISTA": -0.14190140368931242
    },
    "25": {
      "LMS": 1.7194652732078242,
      "NLMS": 1.698646592789332,
      "OMP": 2.966949753829509,
      "LASSO": 2.9658475748541093,
      "LISTA": -0.14219320947368946
    },
    "30": {
      "LMS": 1.7189673102294067,
      "NLMS": 1.6979806545450518,
      "OMP": 2.9680631543102938,
      "LASSO": 2.9636376675902647,
      "LISTA": -0.14233738107097582
    }
  }
}