{
  "config": {
    "K_ratio": 0.08,
    "L": 10,
    "pilot_ratio": 2,
    "snr": 20
  },
  "results": {
    "32": {
      "LMS": 0.7906504629253462,
      "NLMS": 1.6520304920309639,
      "OMP": 2.9931963377394633,
      "LASSO": 3.0963421985124335,
      "LISTA": -0.09974887565874564
    },
    "64": {
      "LMS": 1.7224920493484375,
      "NLMS": 1.7018417442944331,
      "OMP": 2.9663112301302452,
      "LASSO": 2.9763747000922764,
      "LISTA": -0.14190140368931242
    },
    "128": {
      "LMS": 3.027561225938813,
      "NLMS": 1.6730326536215343,
      "OMP": 3.0075409307281604,
      "LASSO": 3.014186289915453,
      "LISTA": -0.07011624141480596
    },
    "256": {
      "LMS": 11.289158098237202,
      "NLMS": 1.540924825114023,
      "OMP": 2.9373402821664762,
      "LASSO": 2.947784863167125,
      "LISTA": -0.003863386201322127
    }
  }
}