{
  "config": {
    "N": 64,
    "L": 10,
    "pilot": 128,
    "snr": 20
  },
  "results": {
    "2": {
      "LMS": 1.8555705689652224,
      "NLMS": 1.7739270191091867,
      "OMP": 2.996127847003955,
      "LASSO": 3.174499860642559,
      "LISTA": -0.028972742174398443
    },
    "4": {
      "LMS": 1.7604220905562333,
      "NLMS": 1.7150640725035904,
      "OMP": 2.99862783433401,
      "LASSO": 3.0167500896830832,
      "LISTA": -0.057126471234287185
    },
    "6": {
      "LMS": 1.7700993065304313,
      "NLMS": 1.687606585897992,
      "OMP": 2.9495587130763856,
      "LASSO": 2.9742273079058936,
      "LISTA": -0.0605606432592521
    },
    "8": {
      "LMS": 1.7667103661516514,
      "NLMS": 1.713768726012515,
      "OMP": 3.0428072559081536,
      "LASSO": 3.0509955774450965,
      "LISTA": -0.15265418711416623
    },
    "10": {
      "LMS": 1.8365275086118031,
      "NLMS": 1.7874347524766718,
      "OMP": 3.104837092460179,
      "LASSO": 3.1096843013680457,
      "LISTA": -0.05964752032350326
    },
    "12": {
      "LMS": 1.7271588368946644,
      "NLMS": 1.6545236367685734,
      "OMP": 3.014136633028051,
      "LASSO": 3.022584613570802,
      "LISTA": -0.06352259288674444
    },
    "15": {
      "LMS": 1.9052869464492008,
      "NLMS": 1.8152653785774677,
      "OMP": 3.1124826268304737,
      "LASSO": 3.1134620193760965,
      "LISTA": -0.04102412427216778
    }
  }
}