{
  "config": {
    "N": 64,
    "M": 256,
    "K": 5,
    "L": 20,
    "num_seeds": 20,
    "snr": 20
  },
  "ablation": {
    "full": {
      "nmse_mean": -24.916561205523585,
      "nmse_std": 0.6829395322469073,
      "nmse_data": [
        -23.872959957151934,
        -25.86470689301035,
        -25.407464434293814,
        -25.152506320856336,
        -24.89305044393573,
        -24.815542320793984,
        -25.31832014708145,
        -25.117698194802486,
        -24.362098129005357,
        -25.12239103136739,
        -24.492132835957477,
        -25.131179238327558,
        -25.145881647165282,
        -26.381701511025813,
        -24.214801091448095,
        -24.231578131570963,
        -24.916672954816363,
        -23.469031436481686,
        -25.85318454881542,
        -24.568322842564143
      ]
    },
    "no_W": {
      "nmse_mean": -23.674504004537948,
      "nmse_std": 0.7004399785311738,
      "nmse_data": [
        -23.4754793179382,
        -24.73725481032004,
        -24.161606301026826,
        -23.21800003538533,
        -23.837497981385255,
        -22.396772967948824,
        -24.533854819136316,
        -24.377237911149724,
        -24.36644690226451,
        -22.476567625523796,
        -23.559636194997626,
        -23.388819746836344,
        -24.022576302747115,
        -23.45409144803063,
        -24.594663018341937,
        -22.88129457539447,
        -23.461682915202005,
        -23.223175962759505,
        -24.499133043262383,
        -22.82428821110812
      ],
      "delta": -1.2420572009856379,
      "paired_t_p": 2.9801447525818923e-06,
      "cohens_d": -1.4597083407958298,
      "wilcoxon_p": 0.999995231628418
    },
    "fixed_threshold": {
      "nmse_mean": -10.474571968783964,
      "nmse_std": 0.39619891720711736,
      "nmse_data": [
        -10.169258943075247,
        -10.011321017534138,
        -11.109239776601463,
        -10.725414383857043,
        -10.203491462436173,
        -11.100778912172151,
        -10.375229010405928,
        -10.766158240938859,
        -10.453906941579088,
        -10.74224494336301,
        -10.447418819960742,
        -11.09113086037551,
        -10.791599936664849,
        -10.375422335199048,
        -10.752304723869631,
        -9.745540786568965,
        -10.389640809083796,
        -10.278962417027254,
        -9.756279227266887,
        -10.206095827699508
      ],
      "delta": -14.441989236739621,
      "paired_t_p": 1.0444914161375193e-25,
      "cohens_d": -18.36375226610021,
      "wilcoxon_p": 1.0
    },
    "shared_params": {
      "nmse_mean": -6.692195584402794,
      "nmse_std": 0.3108638530672208,
      "nmse_data": [
        -6.513874776133536,
        -6.135760777446562,
        -6.588534606275872,
        -6.983039772859235,
        -6.774189896196614,
        -6.526540820688618,
        -6.912156374047397,
        -7.235201612583876,
        -6.9107250206484085,
        -6.671889947481228,
        -7.117059355705303,
        -6.764472675291174,
        -7.2000521031649045,
        -6.262272891598296,
        -6.397387058712145,
        -6.662001403746024,
        -6.7152725429149545,
        -6.100745803180851,
        -6.72926471266321,
        -6.643469536717641
      ],
      "delta": -18.224365621120793,
      "paired_t_p": 5.799829746201078e-28,
      "cohens_d": -24.14996980853454,
      "wilcoxon_p": 1.0
    }
  }
}