{
  "config": {
    "N": 64,
    "M": 256,
    "K": 5,
    "L": 20,
    "num_test": 50,
    "num_symbols": 50000,
    "snr_levels": [
      0,
      5,
      10,
      15,
      20,
      25,
      30
    ],
    "modulations": [
      "qpsk",
      "16qam"
    ]
  },
  "ber": {
    "qpsk": {
      "0": {
        "lista": {
          "mean": 0.33673808000000005,
          "std": 0.009775651983658188
        },
        "omp": {
          "mean": 0.33753336,
          "std": 0.012657445733733189
        },
        "lasso": {
          "mean": 0.36192568,
          "std": 0.006400719309077661
        }
      },
      "5": {
        "lista": {
          "mean": 0.22171528000000001,
          "std": 0.01744296778996052
        },
        "omp": {
          "mean": 0.22870008,
          "std": 0.01913171600776053
        },
        "lasso": {
          "mean": 0.2525574,
          "std": 0.016024317341340955
        }
      },
      "10": {
        "lista": {
          "mean": 0.10506639999999998,
          "std": 0.011212881826185439
        },
        "omp": {
          "mean": 0.10628328000000001,
          "std": 0.01765016170106098
        },
        "lasso": {
          "mean": 0.12942408,
          "std": 0.011447744290365665
        }
      },
      "15": {
        "lista": {
          "mean": 0.031057840000000003,
          "std": 0.00618709256617355
        },
        "omp": {
          "mean": 0.033660880000000004,
          "std": 0.009717976324811667
        },
        "lasso": {
          "mean": 0.044463960000000004,
          "std": 0.013457497226096689
        }
      },
      "20": {
        "lista": {
          "mean": 0.00809008,
          "std": 0.0027305022500631634
        },
        "omp": {
          "mean": 0.008930320000000002,
          "std": 0.0033649462179357343
        },
        "lasso": {
          "mean": 0.0119704,
          "std": 0.006993969944459299
        }
      },
      "25": {
        "lista": {
          "mean": 0.0018435599999999997,
          "std": 0.0019304145188015962
        },
        "omp": {
          "mean": 0.00217012,
          "std": 0.0014035838163786302
        },
        "lasso": {
          "mean": 0.0047404,
          "std": 0.004264674530137089
        }
      },
      "30": {
        "lista": {
          "mean": 0.0005517200000000001,
          "std": 0.0002532778584874723
        },
        "omp": {
          "mean": 0.00042684000000000005,
          "std": 0.0001297342144540137
        },
        "lasso": {
          "mean": 0.0007718000000000001,
          "std": 0.0008792972193746551
        }
      }
    },
    "16qam": {
      "0": {
        "lista": {
          "mean": 0.42487794,
          "std": 0.004228298235744498
        },
        "omp": {
          "mean": 0.42551908000000005,
          "std": 0.005885557309006523
        },
        "lasso": {
          "mean": 0.4371237,
          "std": 0.0026545896534116526
        }
      },
      "5": {
        "lista": {
          "mean": 0.37982018,
          "std": 0.005771080565509353
        },
        "omp": {
          "mean": 0.38339406,
          "std": 0.006496876924061283
        },
        "lasso": {
          "mean": 0.3937135,
          "std": 0.006077972092071568
        }
      },
      "10": {
        "lista": {
          "mean": 0.34269241999999994,
          "std": 0.0027209907720534606
        },
        "omp": {
          "mean": 0.3457476,
          "std": 0.004846718049567114
        },
        "lasso": {
          "mean": 0.35453787999999997,
          "std": 0.0030453222196673885
        }
      },
      "15": {
        "lista": {
          "mean": 0.31789261999999996,
          "std": 0.002903417071245541
        },
        "omp": {
          "mean": 0.32542263999999993,
          "std": 0.003584405928239727
        },
        "lasso": {
          "mean": 0.33096312,
          "std": 0.0042345834125212395
        }
      },
      "20": {
        "lista": {
          "mean": 0.30526766000000005,
          "std": 0.004164894558377191
        },
        "omp": {
          "mean": 0.31642942,
          "std": 0.0022524855900982045
        },
        "lasso": {
          "mean": 0.31877378,
          "std": 0.003077453403968933
        }
      },
      "25": {
        "lista": {
          "mean": 0.29738124,
          "std": 0.005302983379796712
        },
        "omp": {
          "mean": 0.3135540600000001,
          "std": 0.0016783971170137343
        },
        "lasso": {
          "mean": 0.31486472,
          "std": 0.0018924793868362023
        }
      },
      "30": {
        "lista": {
          "mean": 0.29244064000000003,
          "std": 0.007650872858073111
        },
        "omp": {
          "mean": 0.31263162,
          "std": 0.0013643673308900387
        },
        "lasso": {
          "mean": 0.31264048,
          "std": 0.000896306778731474
        }
      }
    }
  }
}