{
  "config": {
    "N": 64,
    "M": 256,
    "K": 5,
    "L": 20
  },
  "diagnostic": {
    "param_comparison": {
      "layers.0.step": {
        "lista_mean": 0.4887341856956482,
        "lista_std": 0.0,
        "lista_cp_mean": 0.4887341856956482,
        "lista_cp_std": 0.0,
        "max_diff": 0.0,
        "mean_diff": 0.0
      },
      "layers.0.W.weight": {
        "lista_mean": 0.014847276732325554,
        "lista_std": 0.11784659326076508,
        "lista_cp_mean": 0.014847276732325554,
        "lista_cp_std": 0.11784659326076508,
        "max_diff": 0.0,
        "mean_diff": 0.0
      },
      "layers.1.step": {
        "lista_mean": 0.4889252781867981,
        "lista_std": 0.0,
        "lista_cp_mean": 0.4889252781867981,
        "lista_cp_std": 0.0,
        "max_diff": 0.0,
        "mean_diff": 0.0
      },
      "layers.1.W.weight": {
        "lista_mean": 0.017042705789208412,
        "lista_std": 0.12479425221681595,
        "lista_cp_mean": 0.017042705789208412,
        "lista_cp_std": 0.12479425221681595,
        "max_diff": 0.0,
        "mean_diff": 0.0
      },
      "layers.2.step": {
        "lista_mean": 0.4891093373298645,
        "lista_std": 0.0,
        "lista_cp_mean": 0.4891093373298645,
        "lista_cp_std": 0.0,
        "max_diff": 0.0,
        "mean_diff": 0.0
      },
      "layers.2.W.weight": {
        "lista_mean": 0.016837812960147858,
        "lista_std": 0.12433799356222153,
        "lista_cp_mean": 0.016837812960147858,
        "lista_cp_std": 0.12433799356222153,
        "max_diff": 0.0,
        "mean_diff": 0.0
      },
      "layers.3.step": {
        "lista_mean": 0.4891504943370819,
        "lista_std": 0.0,
        "lista_cp_mean": 0.4891504943370819,
        "lista_cp_std": 0.0,
        "max_diff": 0.0,
        "mean_diff": 0.0
      },
      "layers.3.W.weight": {
        "lista_mean": 0.017379533499479294,
        "lista_std": 0.12476298958063126,
        "lista_cp_mean": 0.017379533499479294,
        "lista_cp_std": 0.12476298958063126,
        "max_diff": 0.0,
        "mean_diff": 0.0
      },
      "layers.4.step": {
        "lista_mean": 0.4893711805343628,
        "lista_std": 0.0,
        "lista_cp_mean": 0.4893711805343628,
        "lista_cp_std": 0.0,
        "max_diff": 0.0,
        "mean_diff": 0.0
      },
      "layers.4.W.weight": {
        "lista_mean": 0.01755821332335472,
        "lista_std": 0.12457500398159027,
        "lista_cp_mean": 0.01755821332335472,
        "lista_cp_std": 0.12457500398159027,
        "max_diff": 0.0,
        "mean_diff": 0.0
      },
      "layers.5.step": {
        "lista_mean": 0.489434152841568,
        "lista_std": 0.0,
        "lista_cp_mean": 0.489434152841568,
        "lista_cp_std": 0.0,
        "max_diff": 0.0,
        "mean_diff": 0.0
      },
      "layers.5.W.weight": {
        "lista_mean": 0.017639216035604477,
        "lista_std": 0.1247611790895462,
        "lista_cp_mean": 0.017639216035604477,
        "lista_cp_std": 0.1247611790895462,
        "max_diff": 0.0,
        "mean_diff": 0.0
      },
      "layers.6.step": {
        "lista_mean": 0.4897007942199707,
        "lista_std": 0.0,
        "lista_cp_mean": 0.4897007942199707,
        "lista_cp_std": 0.0,
        "max_diff": 0.0,
        "mean_diff": 0.0
      },
      "layers.6.W.weight": {
        "lista_mean": 0.01774928905069828,
        "lista_std": 0.12458036839962006,
        "lista_cp_mean": 0.01774928905069828,
        "lista_cp_std": 0.12458036839962006,
        "max_diff": 0.0,
        "mean_diff": 0.0
      },
      "layers.7.step": {
        "lista_mean": 0.4897743761539459,
        "lista_std": 0.0,
        "lista_cp_mean": 0.4897743761539459,
        "lista_cp_std": 0.0,
        "max_diff": 0.0,
        "mean_diff": 0.0
      },
      "layers.7.W.weight": {
        "lista_mean": 0.017737900838255882,
        "lista_std": 0.12471812218427658,
        "lista_cp_mean": 0.017737900838255882,
        "lista_cp_std": 0.12471812218427658,
        "max_diff": 0.0,
        "mean_diff": 0.0
      },
      "layers.8.step": {
        "lista_mean": 0.48999035358428955,
        "lista_std": 0.0,
        "lista_cp_mean": 0.48999035358428955,
        "lista_cp_std": 0.0,
        "max_diff": 0.0,
        "mean_diff": 0.0
      },
      "layers.8.W.weight": {
        "lista_mean": 0.017833642661571503,
        "lista_std": 0.12457729876041412,
        "lista_cp_mean": 0.017833642661571503,
        "lista_cp_std": 0.12457729876041412,
        "max_diff": 0.0,
        "mean_diff": 0.0
      },
      "layers.9.step": {
        "lista_mean": 0.49007877707481384,
        "lista_std": 0.0,
        "lista_cp_mean": 0.49007877707481384,
        "lista_cp_std": 0.0,
        "max_diff": 0.0,
        "mean_diff": 0.0
      },
      "layers.9.W.weight": {
        "lista_mean": 0.01779458299279213,
        "lista_std": 0.1246960237622261,
        "lista_cp_mean": 0.01779458299279213,
        "lista_cp_std": 0.1246960237622261,
        "max_diff": 0.0,
        "mean_diff": 0.0
      },
      "layers.10.step": {
        "lista_mean": 0.49024516344070435,
        "lista_std": 0.0,
        "lista_cp_mean": 0.49024516344070435,
        "lista_cp_std": 0.0,
        "max_diff": 0.0,
        "mean_diff": 0.0
      },
      "layers.10.W.weight": {
        "lista_mean": 0.017850972712039948,
        "lista_std": 0.12460622936487198,
        "lista_cp_mean": 0.017850972712039948,
        "lista_cp_std": 0.12460622936487198,
        "max_diff": 0.0,
        "mean_diff": 0.0
      },
      "layers.11.step": {
        "lista_mean": 0.4903249442577362,
        "lista_std": 0.0,
        "lista_cp_mean": 0.4903249442577362,
        "lista_cp_std": 0.0,
        "max_diff": 0.0,
        "mean_diff": 0.0
      },
      "layers.11.W.weight": {
        "lista_mean": 0.01780756562948227,
        "lista_std": 0.12471480667591095,
        "lista_cp_mean": 0.01780756562948227,
        "lista_cp_std": 0.12471480667591095,
        "max_diff": 0.0,
        "mean_diff": 0.0
      },
      "layers.12.step": {
        "lista_mean": 0.49044889211654663,
        "lista_std": 0.0,
        "lista_cp_mean": 0.49044889211654663,
        "lista_cp_std": 0.0,
        "max_diff": 0.0,
        "mean_diff": 0.0
      },
      "layers.12.W.weight": {
        "lista_mean": 0.017806407064199448,
        "lista_std": 0.12468875199556351,
        "lista_cp_mean": 0.017806407064199448,
        "lista_cp_std": 0.12468875199556351,
        "max_diff": 0.0,
        "mean_diff": 0.0
      },
      "layers.13.step": {
        "lista_mean": 0.49050506949424744,
        "lista_std": 0.0,
        "lista_cp_mean": 0.49050506949424744,
        "lista_cp_std": 0.0,
        "max_diff": 0.0,
        "mean_diff": 0.0
      },
      "layers.13.W.weight": {
        "lista_mean": 0.017755474895238876,
        "lista_std": 0.12479718029499054,
        "lista_cp_mean": 0.017755474895238876,
        "lista_cp_std": 0.12479718029499054,
        "max_diff": 0.0,
        "mean_diff": 0.0
      },
      "layers.14.step": {
        "lista_mean": 0.4905894696712494,
        "lista_std": 0.0,
        "lista_cp_mean": 0.4905894696712494,
        "lista_cp_std": 0.0,
        "max_diff": 0.0,
        "mean_diff": 0.0
      },
      "layers.14.W.weight": {
        "lista_mean": 0.01770654134452343,
        "lista_std": 0.12485209852457047,
        "lista_cp_mean": 0.01770654134452343,
        "lista_cp_std": 0.12485209852457047,
        "max_diff": 0.0,
        "mean_diff": 0.0
      },
      "layers.15.step": {
        "lista_mean": 0.49061980843544006,
        "lista_std": 0.0,
        "lista_cp_mean": 0.49061980843544006,
        "lista_cp_std": 0.0,
        "max_diff": 0.0,
        "mean_diff": 0.0
      },
      "layers.15.W.weight": {
        "lista_mean": 0.017603566870093346,
        "lista_std": 0.1250276416540146,
        "lista_cp_mean": 0.017603566870093346,
        "lista_cp_std": 0.1250276416540146,
        "max_diff": 0.0,
        "mean_diff": 0.0
      },