{
  "LMS": {
    "erle_db": -1.361374108182806,
    "final_mse_db": 1.3586588569207212
  },
  "NLMS": {
    "erle_db": -0.9406172856436743,
    "final_mse_db": 0.9379020343815937
  },
  "RLS": {
    "erle_db": -2.7876034192263144,
    "final_mse_db": 2.7848881679642243
  },
  "SSM-AF": {
    "erle_db": -0.9516126138812929,
    "final_mse_db": 0.9488958346752627
  }
}