{
  "LMS": {
    "erle_db": 2.7560971214236263,
    "final_mse_db": -2.7588123726857123
  },
  "NLMS": {
    "erle_db": 3.2108308655284414,
    "final_mse_db": -3.2135461167905293
  },
  "RLS": {
    "erle_db": 0.5225182867898225,
    "final_mse_db": -0.5252335380519052
  },
  "SSM-AF": {
    "erle_db": 3.2396831286554044,
    "final_mse_db": -3.2424011302810873
  }
}