{
  "LMS": {
    "erle_db": -1.630348115952245,
    "final_mse_db": 1.6276328646901708
  },
  "NLMS": {
    "erle_db": -1.2867329193820576,
    "final_mse_db": 1.2840176681199857
  },
  "RLS": {
    "erle_db": -3.3960755729257297,
    "final_mse_db": 3.393360321663634
  },
  "SSM-AF": {
    "erle_db": -4.3456597604051503e-10,
    "final_mse_db": -0.002715188662334619
  }
}