{
  "LMS": {
    "erle_db": -0.5186367795611112,
    "final_mse_db": 0.5159215282990456
  },
  "NLMS": {
    "erle_db": -0.06248554263327093,
    "final_mse_db": 0.05977029137119989
  },
  "RLS": {
    "erle_db": -1.5434777438714757,
    "final_mse_db": 1.5407624926093773
  },
  "SSM-AF": {
    "erle_db": -0.24077643475568955,
    "final_mse_db": 0.23805467882776826
  }
}