{
  "LMS": {
    "erle_db": 9.408682669687074,
    "final_mse_db": -9.63465199180222
  },
  "NLMS": {
    "erle_db": 9.559655484454236,
    "final_mse_db": -9.7856248065694
  },
  "RLS": {
    "erle_db": 9.529389454994337,
    "final_mse_db": -9.755358777109493
  },
  "SSM-AF": {
    "erle_db": 9.537778535153127,
    "final_mse_db": -9.763746830072632
  },
  "per_segment_mse": {
    "LMS": [
      -9.413610105606478,
      -9.223780281454017,
      -9.223740492959692,
      -9.317495071712798,
      -9.297323111120036,
      -9.273805759587432,
      -9.392922210093719,
      -9.429563780183631,
      -9.53024825522254,
      -9.637610983716018,
      -9.633152534121436
    ],
    "NLMS": [
      -9.04460623308718,
      -9.027035934707758,
      -9.206283880403515,
      -9.399764141994494,
      -9.427105212150922,
      -9.402376545969252,
      -9.52054142624536,
      -9.598866425674364,
      -9.668783987191281,
      -9.78231191874659,
      -9.784092678062377
    ],
    "RLS": [
      -8.834565805676915,
      -9.002239299486776,
      -9.22549778538932,
      -9.43810231021608,
      -9.44561770334909,
      -9.413757338674882,
      -9.478853029374804,
      -9.532160301853908,
      -9.636854559944387,
      -9.748820027248096,
      -9.75383900865186
    ],
    "SSM-AF": [
      -9.20936785146319,
      -9.12798754019975,
      -9.251433324147154,
      -9.414817546494328,
      -9.425815588758416,
      -9.39893915044437,
      -9.511079570842135,
      -9.585567209659043,
      -9.65830530749233,
      -9.763892366646884,
      -9.762374300209466
    ]
  }
}