{
  "LMS": {
    "erle_db": 13.9150969624109,
    "final_mse_db": -13.800959787933344
  },
  "NLMS": {
    "erle_db": 13.956857840805144,
    "final_mse_db": -13.842720666327592
  },
  "RLS": {
    "erle_db": 13.02965598015687,
    "final_mse_db": -12.915518805679302
  },
  "SSM-AF": {
    "erle_db": 13.906195469258575,
    "final_mse_db": -13.792054495245317
  },
  "per_segment_mse": {
    "LMS": [
      -12.957233585019203,
      -13.452250321310327,
      -13.741663023796747,
      -13.800959787933344
    ],
    "NLMS": [
      -12.694155428142409,
      -13.471046850709945,
      -13.810165845866143,
      -13.842720666327592
    ],
    "RLS": [
      -10.21935961408442,
      -11.801353615348159,
      -12.552681106115166,
      -12.915518805679302
    ],
    "SSM-AF": [
      -12.988242069821155,
      -13.562240847442798,
      -13.805486497176872,
      -13.792054495245317
    ]
  }
}