{
  "LMS": {
    "erle_db": 8.877312777795703,
    "final_mse_db": -9.13906660584003
  },
  "NLMS": {
    "erle_db": 8.887989609469303,
    "final_mse_db": -9.149743437513633
  },
  "RLS": {
    "erle_db": 8.831832534651468,
    "final_mse_db": -9.093586362695799
  },
  "SSM-AF": {
    "erle_db": -1.4031827409623223,
    "final_mse_db": 1.1414317089097215
  },
  "per_segment_mse": {
    "LMS": [
      -9.37403943202878,
      -9.08785924181187,
      -9.065205214214012,
      -9.406453459207519,
      -9.624236993738123,
      -9.33779580651515,
      -9.197811864023302,
      -9.122352512268774,
      -9.072388899958542,
      -9.046410954188454,
      -9.13783968924426
    ],
    "NLMS": [
      -8.931873156170411,
      -9.145920362402745,
      -9.270878365449168,
      -9.544671534408852,
      -9.76543360053144,
      -9.365751872218386,
      -9.286520714600728,
      -9.189283206513108,
      -9.115479944480356,
      -9.040978117032365,
      -9.148548518974076
    ],
    "RLS": [
      -7.769421032995386,
      -8.464322286582007,
      -8.746663883432502,
      -9.168890864984139,
      -9.435606651890012,
      -9.220518652699116,
      -9.171989438873835,
      -9.085733991259001,
      -9.03073343772206,
      -9.003920941714624,
      -9.092422098628179
    ],
    "SSM-AF": [
      -1.7065546819011335,
      -2.6893299963097506,
      -3.636009001291314,
      -4.539558175297846,
      -5.025860318768169,
      -3.363103410681308,
      -1.8526949709843845,
      -1.254527047663108,
      -0.2439226989133561,
      0.46053410271070416,
      1.1387116250948595
    ]
  }
}