{
  "LMS": {
    "erle_db": 9.184724133697342,
    "final_mse_db": -9.315134737057676
  },
  "NLMS": {
    "erle_db": 9.13957051351711,
    "final_mse_db": -9.269981116877444
  },
  "RLS": {
    "erle_db": 8.844870416743463,
    "final_mse_db": -8.975281020103798
  },
  "SSM-AF": {
    "erle_db": 9.15561903825679,
    "final_mse_db": -9.286039304807588
  },
  "per_segment_mse": {
    "LMS": [
      -9.32210431590441,
      -9.400672894880564,
      -8.967029480303085,
      -8.855887616076185,
      -8.855876933907838,
      -9.056495666276799,
      -8.972016357093546,
      -9.15131452299701,
      -9.29585398054436,
      -9.321391944314506,
      -9.313672886493281
    ],
    "NLMS": [
      -8.763579950489962,
      -9.02872123995014,
      -8.65868427334565,
      -8.604405343833081,
      -8.749593413111265,
      -8.975884287710398,
      -8.903780997600931,
      -9.077019432196886,
      -9.229542490319423,
      -9.261639764990099,
      -9.268537837133895
    ],
    "RLS": [
      -6.1759253669613665,
      -7.494149486621148,
      -7.73619239980262,
      -7.9315437280716585,
      -8.159841147394882,
      -8.428205708878382,
      -8.470380126390323,
      -8.698206838589922,
      -8.888276757913273,
      -8.937555488908465,
      -8.973760034425382
    ],
    "SSM-AF": [
      -9.190643928787543,
      -9.266115501222856,
      -8.85925268848867,
      -8.826652518327933,
      -8.908853888665487,
      -9.103646747651075,
      -9.010018963800496,
      -9.161948644298999,
      -9.289429069076288,
      -9.30317592804636,
      -9.284585249815507
    ]
  }
}