{
  "LMS": {
    "erle_db": 16.100758617810147,
    "final_mse_db": -16.168150542608586
  },
  "NLMS": {
    "erle_db": 16.065517505299272,
    "final_mse_db": -16.13290943009772
  },
  "RLS": {
    "erle_db": 17.44000864415138,
    "final_mse_db": -17.50740056894982
  },
  "SSM-AF": {
    "erle_db": 16.07940788961884,
    "final_mse_db": -16.14679937470527
  }
}