{
  "LMS": {
    "erle_db": 16.27737363981727,
    "final_mse_db": -16.25637968990483
  },
  "NLMS": {
    "erle_db": 16.383767418727448,
    "final_mse_db": -16.362773468814975
  },
  "RLS": {
    "erle_db": 17.167163856417254,
    "final_mse_db": -17.146169906504788
  },
  "SSM-AF": {
    "erle_db": -4.3219999860109047e-10,
    "final_mse_db": 0.020991423691665657
  }
}