{
  "LMS": {
    "erle_db": 16.197423662778633,
    "final_mse_db": -16.120174206064963
  },
  "NLMS": {
    "erle_db": 16.130958988137923,
    "final_mse_db": -16.053709531424268
  },
  "RLS": {
    "erle_db": 15.251864512118088,
    "final_mse_db": -15.174615055404432
  },
  "SSM-AF": {
    "erle_db": 16.150275166365383,
    "final_mse_db": -16.07302293765621
  }
}