{
  "LMS": {
    "erle_db": 16.29892640151944,
    "final_mse_db": -16.32147404318461
  },
  "NLMS": {
    "erle_db": 16.32041964944914,
    "final_mse_db": -16.34296729111432
  },
  "RLS": {
    "erle_db": 16.442606552975818,
    "final_mse_db": -16.465154194640967
  },
  "SSM-AF": {
    "erle_db": 15.346460489201828,
    "final_mse_db": -15.36900753823261
  }
}