{
  "Full LISTA": {
    "mean": -24.958437511322778,
    "std": 0.30155447809643326,
    "values": [
      -24.915439412610976,
      -24.434683002657067,
      -25.31094663259461,
      -24.940469130444175,
      -25.190649378307075
    ],
    "delta": 0.0,
    "p_value": null,
    "cohens_d": null
  },
  "No W (identity)": {
    "mean": -23.963471583890236,
    "std": 0.22659807506089943,
    "values": [
      -23.689710940255697,
      -24.049369680909955,
      -24.22316386258324,
      -23.69909421522354,
      -24.15601922047876
    ],
    "delta": 0.994965927432542,
    "p_value": 0.003208413343755287,
    "cohens_d": 2.8259884146527026
  },
  "Fixed threshold": {
    "mean": -25.220129687499885,
    "std": 0.9067115570866118,
    "values": [
      -25.159668873550544,
      -23.873018665564597,
      -26.694149087895738,
      -24.94470269389985,
      -25.42910911658869
    ],
    "delta": -0.2616921761771067,
    "p_value": 0.454738186313219,
    "cohens_d": -0.36982698289566757
  },
  "Shared params": {
    "mean": -25.29916654882158,
    "std": 0.7515253734378736,
    "values": [
      -24.889329469578453,
      -24.942665865043516,
      -25.711908836616505,
      -24.40451160680685,
      -26.547416966062585
    ],
    "delta": -0.3407290374988037,
    "p_value": 0.3383674001975985,
    "cohens_d": -0.4858782144208166
  }
}