{
  "1": {
    "mean": -4.840282811985069,
    "std": 0.03784649975828932,
    "values": [
      -4.901829619120203,
      -4.830178564785925,
      -4.792091929837104,
      -4.816931013810019,
      -4.860382932372093
    ]
  },
  "2": {
    "mean": -8.91071630843423,
    "std": 0.07044444639791601,
    "values": [
      -8.91909969811744,
      -8.979974900348628,
      -8.920642922348687,
      -8.9564093799992,
      -8.777454641357195
    ]
  },
  "3": {
    "mean": -12.923603552837875,
    "std": 0.14773919152889178,
    "values": [
      -13.105587129033594,
      -13.068411026042169,
      -12.865047644223482,
      -12.701045953449539,
      -12.877926011440586
    ]
  },
  "5": {
    "mean": -20.17208727748233,
    "std": 0.249137506453379,
    "values": [
      -20.05467172011854,
      -20.165408940862196,
      -19.773778998295576,
      -20.459886971010008,
      -20.406689757125317
    ]
  },
  "8": {
    "mean": -24.289008323500852,
    "std": 0.5967214086351589,
    "values": [
      -24.432050810020336,
      -24.534688977005636,
      -25.191509128260332,
      -23.80374709288844,
      -23.483045609329505
    ]
  },
  "10": {
    "mean": -25.01124297864606,
    "std": 0.5293571091303649,
    "values": [
      -24.49033393060033,
      -25.075247135794363,
      -24.825012859508746,
      -25.99770107565057,
      -24.66791989167629
    ]
  },
  "15": {
    "mean": -24.478619863462363,
    "std": 0.7729169015296643,
    "values": [
      -24.00942894378788,
      -25.05021000267864,
      -24.917483588761765,
      -25.232942809512178,
      -23.183033972571344
    ]
  },
  "20": {
    "mean": -25.038137609849635,
    "std": 0.6650396278772004,
    "values": [
      -23.872959957151934,
      -25.86470689301035,
      -25.407464434293814,
      -25.152506320856336,
      -24.89305044393573
    ]
  },
  "OMP": {
    "mean": -37.52758748498552,
    "std": 0.31393792172586366,
    "values": [
      -37.53334779427818,
      -37.144574965804466,
      -37.20771797696716,
      -37.89548064238823,
      -37.856816045489566
    ]
  }
}