{
  "ITU PedA": {
    "OMP": -27.302078906967147,
    "LASSO": -27.06985154778721,
    "LMS": -17.003933226125344,
    "NLMS": -22.170668808057947,
    "LISTA": {
      "mean": -23.1563867124735,
      "std": 0.32875069203912416,
      "values": [
        -22.803751906899667,
        -23.225929885500403,
        -23.65823806800566,
        -23.307213343323525,
        -22.78680035863825
      ]
    }
  },
  "ITU VehA": {
    "OMP": -31.85095059114652,
    "LASSO": -27.63923974447718,
    "LMS": -15.86692330622575,
    "NLMS": -18.50984547130064,
    "LISTA": {
      "mean": -26.490065548137558,
      "std": 0.1862168427845885,
      "values": [
        -26.222328422749072,
        -26.620825570628632,
        -26.698976079457196,
        -26.592611273316553,
        -26.315586394536318
      ]
    }
  }
}