{
  "0": {
    "LMS": -5.816823346991471,
    "NLMS": -5.818565676225238,
    "OMP": -12.484763244664517,
    "LASSO": -5.690682015405576,
    "LISTA_mean": -10.945292640695154,
    "LISTA_std": 0.40888587731249526,
    "LISTA_CP_mean": -10.945292640695154,
    "LISTA_CP_std": 0.40888587731249526
  },
  "10": {
    "LMS": -11.812996564691861,
    "NLMS": -12.101951440676164,
    "OMP": -26.073185130803672,
    "LASSO": -16.683509345864636,
    "LISTA_mean": -23.292098046941113,
    "LISTA_std": 0.3767665636763375,
    "LISTA_CP_mean": -23.292098046941113,
    "LISTA_CP_std": 0.3767665636763375
  },
  "20": {
    "LMS": -14.447227507523442,
    "NLMS": -16.440035348837377,
    "OMP": -36.97940762250063,
    "LASSO": -28.833167180594867,
    "LISTA_mean": -21.577592010271808,
    "LISTA_std": 6.526859140370257,
    "LISTA_CP_mean": -21.577592010271808,
    "LISTA_CP_std": 6.526859140370257
  },
  "30": {
    "LMS": -16.083871464814855,
    "NLMS": -17.86738456123381,
    "OMP": -48.349460056386675,
    "LASSO": -42.418250177845096,
    "LISTA_mean": -24.901282653485175,
    "LISTA_std": 0.595839558409727,
    "LISTA_CP_mean": -24.901282653485175,
    "LISTA_CP_std": 0.595839558409727
  }
}