{
  "Mixed [0,30] (baseline)": {
    "mean": -25.038137609849635,
    "std": 0.6650396278772004,
    "values": [
      -23.872959957151934,
      -25.86470689301035,
      -25.407464434293814,
      -25.152506320856336,
      -24.89305044393573
    ]
  },
  "Narrow [15,25]": {
    "mean": -30.87116421486566,
    "std": 1.691614625454821,
    "values": [
      -28.088080531632002,
      -32.2817997662795,
      -31.987749778852915,
      -29.715963274505036,
      -32.28222772305883
    ]
  },
  "High-SNR [20,30]": {
    "mean": -31.140957455880105,
    "std": 1.6170823003206352,
    "values": [
      -28.365149386621912,
      -32.51783490743,
      -32.338924677321224,
      -30.236811046418907,
      -32.24606726160849
    ]
  },
  "Narrow [18,22]": {
    "mean": -31.10310987727504,
    "std": 1.7438971050471517,
    "values": [
      -28.179595684717032,
      -32.562924636630534,
      -32.3065295688355,
      -29.999191509347018,
      -32.46730798684513
    ]
  },
  "OMP": {
    "mean": -37.52758748498552,
    "std": 0.31393792172586366,
    "values": [
      -37.53334779427818,
      -37.144574965804466,
      -37.20771797696716,
      -37.89548064238823,
      -37.856816045489566
    ]
  }
}