{
  "-5": {
    "LMS": -2.7803115131265876,
    "NLMS": -2.6543653491625836,
    "OMP": -6.430955683179567,
    "LASSO": -0.5468932773917227,
    "LISTA_mean": -3.8346061036802497,
    "LISTA_std": 0.37688523045702726,
    "LISTA_values": [
      -3.243300424355122,
      -4.391863105824821,
      -3.9205361182196845,
      -3.6649559922698134,
      -3.9523748777318053
    ]
  },
  "0": {
    "LMS": -5.901060233222822,
    "NLMS": -5.920622942600978,
    "OMP": -13.22839404341535,
    "LASSO": -5.991885003178579,
    "LISTA_mean": -11.014919129843621,
    "LISTA_std": 0.3549079999661617,
    "LISTA_values": [
      -10.785104759237589,
      -11.154698931442532,
      -10.625545346278775,
      -10.873232904610148,
      -11.636013707649058
    ]
  },
  "5": {
    "LMS": -8.791820760598515,
    "NLMS": -9.163859045246245,
    "OMP": -19.097856077200163,
    "LASSO": -11.420271813986442,
    "LISTA_mean": -15.983380813051161,
    "LISTA_std": 4.103598978211695,
    "LISTA_values": [
      -7.829067783262653,
      -17.360887677701346,
      -18.22918767922292,
      -17.749555460055465,
      -18.74820546501343
    ]
  },
  "10": {
    "LMS": -11.896410788464184,
    "NLMS": -12.20791376491353,
    "OMP": -25.651877625730766,
    "LASSO": -17.019806879856795,
    "LISTA_mean": -22.797658000381936,
    "LISTA_std": 0.6888844075927082,
    "LISTA_values": [
      -23.32075760276304,
      -23.764894779460093,
      -22.718564147442983,
      -21.80780982009861,
      -22.376263652144942
    ]
  },
  "15": {
    "LMS": -13.638851302175233,
    "NLMS": -14.531402924951992,
    "OMP": -30.624614120359233,
    "LASSO": -22.014078402030464,
    "LISTA_mean": -24.356875551144974,
    "LISTA_std": 0.5157297400599617,
    "LISTA_values": [
      -23.746105813238565,
      -24.153997661062945,
      -24.983551609111675,
      -24.95309618041189,
      -23.947626491899804
    ]
  },
  "20": {
    "LMS": -14.509777318425545,
    "NLMS": -16.611448997606285,
    "OMP": -37.0905289434404,
    "LASSO": -28.636807847668415,
    "LISTA_mean": -24.253671570174696,
    "LISTA_std": 0.40375069621185716,
    "LISTA_values": [
      -24.042798056096373,
      -24.224543532980107,
      -25.021625963576422,
      -24.13223635344486,
      -23.847153944775734
    ]
  },
  "25": {
    "LMS": -15.739935181877202,
    "NLMS": -17.581598266942848,
    "OMP": -42.209324200868956,
    "LASSO": -35.530564126575854,
    "LISTA_mean": -25.081709903173397,
    "LISTA_std": 0.5830385444893139,
    "LISTA_values": [
      -24.603271775214097,
      -25.544955598536262,
      -25.95112961429193,
      -24.91481477735498,
      -24.394377750469708
    ]
  },
  "30": {
    "LMS": -16.504936027768405,
    "NLMS": -18.40151964299649,
    "OMP": -48.510665776214694,
    "LASSO": -42.35740796228057,
    "LISTA_mean": -25.015541862526497,
    "LISTA_std": 0.7922288091486884,
    "LISTA_values": [
      -24.577527282515398,
      -25.446786385849585,
      -25.564999647242978,
      -25.819173574226745,
      -23.66922242279777
    ]
  },
  "40": {
    "LMS": -16.407266466265686,
    "NLMS": -18.200945384839237,
    "OMP": -58.04066713090327,
    "LASSO": -50.87777317276675,
    "LISTA_mean": -25.01960926697605,
    "LISTA_std": 0.5694402229057997,
    "LISTA_values": [
      -24.565854641642755,
      -25.033207977022556,
      -24.553101296962772,
      -26.10007088754331,
      -24.845811531708854
    ]
  }
}