{
  "2": {
    "LMS": -13.356459883444865,
    "NLMS": -14.133304122369585,
    "OMP": -33.77861940335944,
    "LASSO": -23.04599252399108,
    "LISTA_mean": -20.8824781510659,
    "LISTA_std": 0.8922109205141879,
    "LISTA_values": [
      -22.10717424710923,
      -20.507571777608856,
      -21.558868965411506,
      -20.71840719260397,
      -19.520368572595924
    ]
  },
  "5": {
    "LMS": -14.400217687319739,
    "NLMS": -16.350268285515977,
    "OMP": -35.849556104487576,
    "LASSO": -28.65886487065591,
    "LISTA_mean": -24.88618888924976,
    "LISTA_std": 0.39089730588848237,
    "LISTA_values": [
      -24.333404653025852,
      -24.71703608987488,
      -25.1452758771184,
      -25.47509068632927,
      -24.76013713990038
    ]
  },
  "8": {
    "LMS": -14.968907330962988,
    "NLMS": -16.852035081356707,
    "OMP": -35.9316181722025,
    "LASSO": -29.75053812439011,
    "LISTA_mean": -23.390308522228043,
    "LISTA_std": 0.33049378507984173,
    "LISTA_values": [
      -22.904447560199817,
      -23.795514722441684,
      -23.2424291803786,
      -23.725817017683134,
      -23.283334130436977
    ]
  },
  "10": {
    "LMS": -14.782860792398864,
    "NLMS": -16.628963171742836,
    "OMP": -34.912021757829265,
    "LASSO": -29.96955230370262,
    "LISTA_mean": -22.251806650026563,
    "LISTA_std": 0.23997631149634416,
    "LISTA_values": [
      -22.11328850553715,
      -22.073383271629325,
      -22.62864494170018,
      -22.437636001461442,
      -22.00608052980472
    ]
  },
  "15": {
    "LMS": -14.950238826714596,
    "NLMS": -16.895278878364348,
    "OMP": -32.89305644512571,
    "LASSO": -29.843789599138933,
    "LISTA_mean": -16.22747490801417,
    "LISTA_std": 8.269479726952898,
    "LISTA_values": [
      -20.42134199395447,
      -20.501614528186472,
      -20.760861995055414,
      0.2980652636938647,
      -19.75162128656835
    ]
  }
}