{
  "LMS": {
    "erle_db": 1.86196032315727,
    "final_mse_db": -7.735493997390027
  },
  "NLMS": {
    "erle_db": 2.1901001730368135,
    "final_mse_db": -8.06363384726954
  },
  "RLS": {
    "erle_db": -0.08782939186859802,
    "final_mse_db": -5.785704282364157
  },
  "SSM-AF": {
    "erle_db": -1.6793362637373716e-09,
    "final_mse_db": -5.873535826625114
  }
}