{
  "LMS": {
    "erle_db": 6.8650613997501875,
    "final_mse_db": -8.65399684733368
  },
  "NLMS": {
    "erle_db": 7.23803234806139,
    "final_mse_db": -9.026967795644868
  },
  "RLS": {
    "erle_db": 7.042479027909716,
    "final_mse_db": -8.831414475493203
  },
  "SSM-AF": {
    "erle_db": 7.105645788906999,
    "final_mse_db": -8.89457963901012
  }
}