{
  "LMS": {
    "erle_db": 4.358674328092677,
    "final_mse_db": -11.155259489376517
  },
  "NLMS": {
    "erle_db": 4.6928045184087965,
    "final_mse_db": -11.489389679692646
  },
  "RLS": {
    "erle_db": 4.4676731845837745,
    "final_mse_db": -11.264258345867619
  },
  "SSM-AF": {
    "erle_db": 4.530941677255917,
    "final_mse_db": -11.327526996675342
  }
}