{
  "LMS": {
    "erle_db": 1.827241346875502,
    "final_mse_db": -7.642103826109704
  },
  "NLMS": {
    "erle_db": 2.2844407584101205,
    "final_mse_db": -8.099303237644314
  },
  "RLS": {
    "erle_db": -0.2473211805038705,
    "final_mse_db": -5.567541298730344
  },
  "SSM-AF": {
    "erle_db": 2.2438784067516315,
    "final_mse_db": -8.058741667398671
  }
}