{
  "LMS": {
    "erle_db": 8.709001880697295,
    "final_mse_db": -10.125144947260624
  },
  "NLMS": {
    "erle_db": 9.094580123989148,
    "final_mse_db": -10.510723190552469
  },
  "RLS": {
    "erle_db": 8.990176219716231,
    "final_mse_db": -10.406319286279547
  },
  "SSM-AF": {
    "erle_db": 8.849980395078187,
    "final_mse_db": -10.266121568142403
  }
}