{
  "config": {
    "N": 64,
    "M": 256,
    "K": 5,
    "L": 20,
    "num_test": 200,
    "num_symbols": 50000,
    "snr_levels": [
      0,
      5,
      10,
      15,
      20,
      25,
      30
    ],
    "modulations": [
      "qpsk",
      "16qam"
    ],
    "num_seeds": 3,
    "note": "200 realizations per SNR point (up from 50 in round3)"
  },
  "ber": {
    "qpsk": {
      "0": {
        "lista": {
          "mean": 0.3397886166666666,
          "std": 0.0024775150781018718,
          "ci_95": 0.006154488636866656,
          "seeds": [
            0.3427133499999999,
            0.33999704999999997,
            0.33665544999999997
          ]
        },
        "omp": {
          "mean": 0.3384880833333333,
          "std": 0.0018812266097475308,
          "ci_95": 0.00467322596556415,
          "seeds": [
            0.33609555,
            0.33867670000000005,
            0.340692
          ]
        },
        "lasso": {
          "mean": 0.3603275833333333,
          "std": 0.00435376351836989,
          "ci_95": 0.010815348143891417,
          "seeds": [
            0.3664841999999999,
            0.357179,
            0.35731955
          ]
        },
        "lista_vs_omp": {
          "t_statistic": 0.42284665348372424,
          "p_value": 0.7135332077292419,
          "cohens_d": 0.24413062463204355,
          "significant_005": false,
          "significant_001": false
        },
        "lista_vs_lasso": {
          "t_statistic": -10.79248522667026,
          "p_value": 0.008476328337838691,
          "significant_005": true
        }
      },
      "5": {
        "lista": {
          "mean": 0.22577006666666666,
          "std": 0.002273568712521261,
          "ci_95": 0.005647857778959719,
          "seeds": [
            0.22372659999999997,
            0.22464195,
            0.22894165
          ]
        },
        "omp": {
          "mean": 0.22912125000000003,
          "std": 0.002331988707448343,
          "ci_95": 0.0057929810914765486,
          "seeds": [
            0.22852499999999998,
            0.23222839999999997,
            0.22661035000000002
          ]
        },
        "lasso": {
          "mean": 0.2576829333333333,
          "std": 0.00599082945472124,
          "ci_95": 0.014882045372953276,
          "seeds": [
            0.26080760000000003,
            0.26294059999999997,
            0.24930059999999998
          ]
        },
        "lista_vs_omp": {
          "t_statistic": -1.134826365419226,
          "p_value": 0.37414362236312615,
          "cohens_d": -0.6551922947485623,
          "significant_005": false,
          "significant_001": false
        },
        "lista_vs_lasso": {
          "t_statistic": -5.5139666447611395,
          "p_value": 0.03135202603001707,
          "significant_005": true
        }
      },
      "10": {
        "lista": {
          "mean": 0.11082303333333333,
          "std": 0.0024094799066511387,
          "ci_95": 0.005985479901742584,
          "seeds": [
            0.10852805,
            0.11415185000000001,
            0.1097892
          ]
        },
        "omp": {
          "mean": 0.10898741666666667,
          "std": 0.0037206492834659264,
          "ci_95": 0.009242605197140014,
          "seeds": [
            0.10545850000000001,
            0.11413195,
            0.1073718
          ]
        },
        "lasso": {
          "mean": 0.13014541666666668,
          "std": 0.004547941016609118,
          "ci_95": 0.01129771179003484,
          "seeds": [
            0.13213755000000002,
            0.1238532,
            0.1344455
          ]
        },
        "lista_vs_omp": {
          "t_statistic": 1.9798011197188092,
          "p_value": 0.1862801184257576,
          "cohens_d": 1.1430386382345479,
          "significant_005": false,
          "significant_001": false
        },
        "lista_vs_lasso": {
          "t_statistic": -4.008794391410891,
          "p_value": 0.056961314336781976,
          "significant_005": false
        }
      },
      "15": {
        "lista": {
          "mean": 0.03528355,
          "std": 0.0044126205598260995,
          "ci_95": 0.010961557140173028,
          "seeds": [
            0.029072499999999998,
            0.038912499999999996,
            0.03786565
          ]
        },
        "omp": {
          "mean": 0.03546931666666667,
          "std": 0.004154178356452962,
          "ci_95": 0.010319551116473924,
          "seeds": [
            0.033407,
            0.0412645,
            0.03173645
          ]
        },
        "lasso": {
          "mean": 0.04678993333333333,
          "std": 0.005487995784943315,
          "ci_95": 0.013632937291135598,
          "seeds": [
            0.039508299999999996,
            0.052756800000000006,
            0.04810469999999999
          ]
        },
        "lista_vs_omp": {
          "t_statistic": -0.057890547249840586,
          "p_value": 0.9590994547872185,
          "cohens_d": -0.03342312243688167,
          "significant_005": false,
          "significant_001": false
        },
        "lista_vs_lasso": {
          "t_statistic": -9.831681038774775,
          "p_value": 0.010187512150338278,
          "significant_005": true
        }
      },
      "20": {
        "lista": {
          "mean": 0.011638533333333334,
          "std": 0.002812988004576076,
          "ci_95": 0.0069878495847821446,
          "seeds": [
            0.0077797000000000005,
            0.014405450000000002,
            0.012730450000000003
          ]
        },
        "omp": {
          "mean": 0.010023566666666666,
          "std": 0.004016023374420134,
          "ci_95": 0.00997635511554424,
          "seeds": [
            0.0153905,
            0.00894935,
            0.005730850000000001
          ]
        },
        "lasso": {
          "mean": 0.013693250000000002,
          "std": 0.0020112882791053777,
          "ci_95": 0.004996317063265175,
          "seeds": [
            0.016394250000000003,
            0.013115000000000002,
            0.0115705
          ]
        },
        "lista_vs_omp": {
          "t_statistic": 0.3484772861887142,
          "p_value": 0.7607458575591014,
          "cohens_d": 0.20119345248104506,
          "significant_005": false,
          "significant_001": false
        },
        "lista_vs_lasso": {
          "t_statistic": -0.6264126069868547,
          "p_value": 0.5950100460174779,
          "significant_005": false
        }
      },
      "25": {
        "lista": {
          "mean": 0.0036867,
          "std": 0.0002793250824159308,
          "ci_95": 0.0006938819710585839,
          "seeds": [
            0.00351495,
            0.00408065,
            0.0034645000000000006
          ]
        },
        "omp": {
          "mean": 0.003860266666666666,
          "std": 0.0011420247153873493,
          "ci_95": 0.0028369466632094955,
          "seeds": [
            0.0053552,
            0.0025834499999999993,
            0.0036421499999999994
          ]
        },
        "lasso": {
          "mean": 0.003368483333333333,
          "std": 0.0010373383973205444,
          "ci_95": 0.0025768914325986782,
          "seeds": [
            0.0026533,
            0.0048353499999999995,
            0.002616799999999999
          ]
        },
        "lista_vs_omp": {
          "t_statistic": -0.1801528772845539,
          "p_value": 0.8736338578464038,
          "cohens_d": -0.10401130596255619,
          "significant_005": false,
          "significant_001": false
        },
        "lista_vs_lasso": {
          "t_statistic": 0.593163870319294,
          "p_value": 0.6132142261620044,
          "significant_005": false
        }
      },
      "30": {
        "lista": {
          "mean": 0.0023491833333333335,
          "std": 0.0011220289481807303,
          "ci_95": 0.0027872744238167683,