{
  "config": {
    "N": 64,
    "M": 256,
    "K": 5,
    "L": 20,
    "num_test": 100,
    "num_symbols": 50000,
    "snr_levels": [
      0,
      5,
      10,
      15,
      20,
      25,
      30
    ],
    "modulations": [
      "qpsk",
      "16qam"
    ],
    "num_seeds": 3
  },
  "ber_mmse": {
    "qpsk": {
      "0": {
        "lista": {
          "mean": 0.21113246666666666,
          "std": 0.0017970105570703308
        },
        "omp": {
          "mean": 0.20436683333333336,
          "std": 0.0011249626048105974
        },
        "lasso": {
          "mean": 0.2331189333333333,
          "std": 0.0015023150808742389
        }
      },
      "5": {
        "lista": {
          "mean": 0.09339366666666667,
          "std": 0.001657437468570751
        },
        "omp": {
          "mean": 0.09188813333333334,
          "std": 0.001693338820857253
        },
        "lasso": {
          "mean": 0.11246993333333334,
          "std": 0.0017321607322134365
        }
      },
      "10": {
        "lista": {
          "mean": 0.019794966666666667,
          "std": 0.0008292096209979434
        },
        "omp": {
          "mean": 0.019207366666666666,
          "std": 0.0007995515798801764
        },
        "lasso": {
          "mean": 0.027828366666666663,
          "std": 0.0009152157280602707
        }
      },
      "15": {
        "lista": {
          "mean": 0.0013612,
          "std": 0.00020644132338269852
        },
        "omp": {
          "mean": 0.0011475,
          "std": 0.00013437814802514086
        },
        "lasso": {
          "mean": 0.0020292333333333332,
          "std": 0.00019571585412417547
        }
      },
      "20": {
        "lista": {
          "mean": 0.0003179666666666667,
          "std": 2.1360607565225207e-05
        },
        "omp": {
          "mean": 0.00030303333333333334,
          "std": 1.0824765842989662e-05
        },
        "lasso": {
          "mean": 0.0003113,
          "std": 1.5966423101830443e-05
        }
      },
      "25": {
        "lista": {
          "mean": 0.0003033666666666667,
          "std": 1.0211540312585325e-05
        },
        "omp": {
          "mean": 0.0002966,
          "std": 9.942166095306702e-06
        },
        "lasso": {
          "mean": 0.0002991,
          "std": 1.076506696062159e-05
        }
      },
      "30": {
        "lista": {
          "mean": 0.0003092,
          "std": 8.143709228600927e-06
        },
        "omp": {
          "mean": 0.0002984666666666667,
          "std": 9.703035034920196e-06
        },
        "lasso": {
          "mean": 0.0003,
          "std": 1.2060127141397235e-05
        }
      }
    },
    "16qam": {
      "0": {
        "lista": {
          "mean": 0.44003773333333335,
          "std": 0.0018306833060970015
        },
        "omp": {
          "mean": 0.43909728333333337,
          "std": 0.0018853001955185552
        },
        "lasso": {
          "mean": 0.44524213333333335,
          "std": 0.0019390478945148087
        }
      },
      "5": {
        "lista": {
          "mean": 0.40147210000000005,
          "std": 0.0008063186001823428
        },
        "omp": {
          "mean": 0.4034912,
          "std": 0.0008993352053971128
        },
        "lasso": {
          "mean": 0.4076943666666666,
          "std": 0.0009242265291703427
        }
      },
      "10": {
        "lista": {
          "mean": 0.36721570000000003,
          "std": 0.001514423537741942
        },
        "omp": {
          "mean": 0.3725211333333333,
          "std": 0.0008454242577283509
        },
        "lasso": {
          "mean": 0.3741008666666667,
          "std": 0.0004575090897700401
        }
      },
      "15": {
        "lista": {
          "mean": 0.33901209999999987,
          "std": 0.002375200491537496
        },
        "omp": {
          "mean": 0.3490875166666667,
          "std": 0.0011779510865151611
        },
        "lasso": {
          "mean": 0.34889438333333334,
          "std": 0.0009299104054812378
        }
      },
      "20": {
        "lista": {
          "mean": 0.3180584833333333,
          "std": 0.0029595083190549366
        },
        "omp": {
          "mean": 0.3348831833333333,
          "std": 0.0013714607785941801
        },
        "lasso": {
          "mean": 0.33378605,
          "std": 0.0008460774816764687
        }
      },
      "25": {
        "lista": {
          "mean": 0.3030849666666667,
          "std": 0.0038757203507505758
        },
        "omp": {
          "mean": 0.32627125,
          "std": 0.0013203223602590711
        },
        "lasso": {
          "mean": 0.32523799999999997,
          "std": 0.0006981686054719509
        }
      },
      "30": {
        "lista": {
          "mean": 0.29359774999999994,
          "std": 0.005101477837025933
        },
        "omp": {
          "mean": 0.32081106666666664,
          "std": 0.0012285518889688356
        },
        "lasso": {
          "mean": 0.31999716666666667,
          "std": 0.0005500204425493853
        }
      }
    }
  },
  "ber_zf": {
    "qpsk": {
      "0": {
        "lista": {
          "mean": 0.34160853333333335,
          "std": 0.005506825934137452
        },
        "omp": {
          "mean": 0.3376036,
          "std": 0.0008475958156259828
        },
        "lasso": {
          "mean": 0.36459423333333335,
          "std": 0.004305750908829844
        }
      },
      "5": {
        "lista": {
          "mean": 0.23068896666666663,
          "std": 0.009413199471781927
        },
        "omp": {
          "mean": 0.22786213333333336,
          "std": 0.008495683798389773
        },
        "lasso": {
          "mean": 0.2603176,
          "std": 0.0044968899482494265
        }
      },
      "10": {
        "lista": {
          "mean": 0.10835586666666668,
          "std": 0.0018216131721331265
        },
        "omp": {
          "mean": 0.11192570000000002,
          "std": 0.005157222521861952
        },
        "lasso": {
          "mean": 0.14546453333333334,
          "std": 0.003916327941097665
        }
      },
      "15": {
        "lista": {
          "mean": 0.03439153333333333,
          "std": 0.0006824856058718164
        },
        "omp": {
          "mean": 0.036739633333333334,
          "std": 0.002089547973978003
        },
        "lasso": {
          "mean": 0.049662333333333336,
          "std": 0.004988161672288581
        }
      },
      "20": {
        "lista": {
          "mean": 0.005972866666666667,
          "std": 0.0005988634921434288
        },
        "omp": {
          "mean": 0.010427366666666667,
          "std": 0.0015859194059668418
        },
        "lasso": {
          "mean": 0.012304766666666668,
          "std": 0.0015371830000216497
        }
      },
      "25": {
        "lista": {
          "mean": 0.004969033333333334,
          "std": 0.00483032882547578
        },
        "omp": {
          "mean": 0.006043900000000001,
          "std": 0.0032484047818377975
        },
        "lasso": {
          "mean": 0.003225,
          "std": 0.001382974723798908
        }
      },
      "30": {
        "lista": {
          "mean": 0.0010295333333333332,
          "std": 0.0004018699734435947
        },
        "omp": {
          "mean": 0.0006067333333333334,
          "std": 0.00023652540854819144
        },
        "lasso": {
          "mean": 0.002335466666666667,
          "std": 0.0005136111391142359
        }
      }
    },
    "16qam": {
      "0": {
        "lista": {
          "mean": 0.42715098333333335,
          "std": 0.0026791436247842735
        },
        "omp": {
          "mean": 0.4252063833333333,
          "std": 0.0003716546096698699
        },
        "lasso": {
          "mean": 0.43809796666666667,
          "std": 0.0014506946073825982
        }
      },
      "5": {
        "lista": {
          "mean": 0.3839073166666667,
          "std": 0.004329122065410308
        },