{
  "LMS": {
    "erle_db": -1.4843231550196536,
    "final_mse_db": 2.728627296705542
  },
  "NLMS": {
    "erle_db": -0.9703290253300177,
    "final_mse_db": 2.2146331670159203
  },
  "RLS": {
    "erle_db": -2.5410949795794453,
    "final_mse_db": 3.7853991212653737
  },
  "SSM-AF": {
    "erle_db": -1.0679759691446225,
    "final_mse_db": 2.312264772433151
  }
}