{
  "LMS": {
    "erle_db": -1.0585403353594918,
    "final_mse_db": 2.480595769414112
  },
  "NLMS": {
    "erle_db": -0.5804916034487764,
    "final_mse_db": 2.0025470375033816
  },
  "RLS": {
    "erle_db": -1.0991785550529591,
    "final_mse_db": 2.521233989107572
  },
  "SSM-AF": {
    "erle_db": -0.6962316056285422,
    "final_mse_db": 2.118285839361198
  }
}