{
  "LMS": {
    "erle_db": -0.26230474666647124,
    "final_mse_db": 2.1377989368923633
  },
  "NLMS": {
    "erle_db": -0.06526730529997898,
    "final_mse_db": 1.940761495525837
  },
  "RLS": {
    "erle_db": -0.8310421417063024,
    "final_mse_db": 2.706536331932183
  },
  "SSM-AF": {
    "erle_db": -2.819905664336002e-10,
    "final_mse_db": 1.8754980899527498
  }
}