{
  "LMS": {
    "erle_db": -1.5417013215431683,
    "final_mse_db": 2.0727528363788648
  },
  "NLMS": {
    "erle_db": -1.05526321957607,
    "final_mse_db": 1.5863147344117552
  },
  "RLS": {
    "erle_db": -1.5941533641896495,
    "final_mse_db": 2.125204879025353
  },
  "SSM-AF": {
    "erle_db": -1.2859361577650885,
    "final_mse_db": 1.816992390867231
  }
}