{
  "config": {
    "N": 64,
    "K": 5,
    "M": 256,
    "L": 20,
    "snr_db": 20.0,
    "epochs": 200,
    "batch_size": 64,
    "seeds": 5,
    "num_test": 2000,
    "mixed_snr": true
  },
  "results": {
    "soft": {
      "label": "Soft (LISTA)",
      "nmse_mean": -24.59066217884725,
      "nmse_std": 0.1790827700804909,
      "nmse_values": [
        -24.34236468923233,
        -24.540296986326375,
        -24.83872183232298,
        -24.641265207507317
      ],
      "error_on_S_mean": 99.98441886901855,
      "error_on_S_std": 0.012885116099691818,
      "error_on_Sbar_mean": 0.01558275509160012,
      "error_on_Sbar_std": 0.012884491509759392,
      "learned_thresholds_mean": [
        0.014306302880868316,
        0.015182307921350002,
        0.014837452908977866,
        0.015186200849711895,
        0.015027376357465982,
        0.015252165263518691,
        0.0152832823805511,
        0.015772158978506923,
        0.01614705310203135,
        0.016809697030112147,
        0.016972796991467476,
        0.01716387551277876,
        0.017154406290501356,
        0.017186499200761318,
        0.017159489449113607,
        0.017131400294601917,
        0.017107844352722168,
        0.017098987475037575,
        0.017162044998258352,
        0.01730799302458763
      ],
      "learned_thresholds_std": [
        0.0011260548091058123,
        0.0006687661810346322,
        0.00047019026324837904,
        0.0005360631581756175,
        0.0005071839198362852,
        0.0007263489338213578,
        0.0009567714627927013,
        0.0011425988054567916,
        0.0013964633599814881,
        0.0014912157746971367,
        0.001575889848359979,
        0.0013196558630583298,
        0.0011574736020218525,
        0.0009866392444484906,
        0.0008808994307773019,
        0.0007814787537492558,
        0.0006830206934260244,
        0.000597352626302638,
        0.000513423363845218,
        0.0004685138424116158
      ]
    },
    "hard": {
      "label": "Hard",
      "nmse_mean": -31.7216882685558,
      "nmse_std": 0.10831889868503355,
      "nmse_values": [
        -31.80127326473602,
        -31.789978694191486,
        -31.759556217634774,
        -31.535944897660908
      ],
      "error_on_S_mean": 98.61394119262695,
      "error_on_S_std": 2.1465950714382966,
      "error_on_Sbar_mean": 1.3860648609697819,
      "error_on_Sbar_std": 2.1465929517113866,
      "learned_thresholds_mean": [
        0.045661541633307934,
        0.04526343755424023,
        0.044923966750502586,
        0.04451829753816128,
        0.04441670514643192,
        0.0443002050742507,
        0.04435647092759609,
        0.044296376407146454,
        0.04430850874632597,
        0.044134464114904404,
        0.04380108788609505,
        0.04320217948406935,
        0.04229796305298805,
        0.04102452751249075,
        0.03934085741639137,
        0.03732612915337086,
        0.03502916544675827,
        0.032573570497334,
        0.030151494778692722,
        0.02792332973331213
      ],
      "learned_thresholds_std": [
        0.0012235477748037864,
        0.0009043258026394402,
        0.0006912347437218896,
        0.0006082838096365744,
        0.0005156961187798518,
        0.00045182320702550613,
        0.00041039348407353364,
        0.00040964179000542965,
        0.0004250144029418914,
        0.00045962630903046683,
        0.0005004396614756376,
        0.000546921602065529,
        0.0006061433860984442,
        0.0006468784444926281,
        0.0006985568276050099,
        0.0007180025143486574,
        0.0007007869559831914,
        0.0005492150492730764,
        0.0004162093557713524,
        0.0002863850756810289
      ]
    },
    "semisoft": {
      "label": "Semi-soft (Garrote)",
      "nmse_mean": -27.846947886521207,
      "nmse_std": 0.07682821706646646,
      "nmse_values": [
        -27.9382744303183,
        -27.907353279484454,
        -27.77848665760169,
        -27.76367717868039
      ],
      "error_on_S_mean": 99.99979972839355,
      "error_on_S_std": 0.0003252295094486224,
      "error_on_Sbar_mean": 0.00019874113695550477,
      "error_on_Sbar_std": 0.0003256077529748904,
      "learned_thresholds_mean": [
        0.019276415463536978,
        0.02126407064497471,
        0.02200676966458559,
        0.02264094864949584,
        0.025878835003823042,
        0.025013401173055172,
        0.025442628655582666,
        0.026751307770609856,
        0.027759151067584753,
        0.029123420361429453,
        0.030064002610743046,
        0.03080858662724495,
        0.03113369643688202,
        0.03135038446635008,
        0.03146484773606062,
        0.03150441078469157,
        0.031469820998609066,
        0.03135409904643893,
        0.03115180227905512,
        0.030697289388626814
      ],
      "learned_thresholds_std": [
        0.0021146169209789348,
        0.002656986316631458,
        0.0028149219382663155,
        0.0024906332302157374,
        0.002309539271248293,
        0.00306234150301541,
        0.0032101846820699175,
        0.002322030706838222,
        0.0024615063483081436,
        0.0010799103400289255,
        0.0005112237187834334,
        0.0006864634062910501,
        0.0007659319844429841,
        0.0007235809034489565,
        0.0006218352408100075,
        0.0005694623771415711,
        0.0004410863541768421,
        0.00039858898895684823,
        0.0003233618536975943,
        0.00025731389041828295
      ]
    }
  },
  "statistical_tests": {
    "soft_vs_hard": {
      "t_stat": 52.472535014947375,
      "p_value": 1.5244285144295896e-05,
      "cohens_d": 30.29503220307156,
      "nmse_diff": 7.131026089708547
    },
    "soft_vs_semisoft": {
      "t_stat": 22.75573574152856,
      "p_value": 0.00018586046730787898,
      "cohens_d": 13.138030150678743,
      "nmse_diff": 3.2562857076739578
    },
    "hard_vs_semisoft": {
      "t_stat": -90.48091208310177,
      "p_value": 2.975835334425885e-06,
      "cohens_d": -52.239178877272906,
      "nmse_diff": -3.874740382034589
    }
  }
}