{
  "LMS": {
    "erle_db": 3.937463840053428,
    "final_mse_db": -4.370322647577744
  },
  "NLMS": {
    "erle_db": 3.677761831341584,
    "final_mse_db": -4.110620638865899
  },
  "RLS": {
    "erle_db": 3.306661366453749,
    "final_mse_db": -3.7395201739780664
  },
  "TCN": {
    "erle_db": -1.3543868279243556,
    "final_mse_db": 0.9215308778621724
  }
}