{
  "LMS": {
    "erle_db": 3.9029886193595873,
    "final_mse_db": -4.287523349440524
  },
  "NLMS": {
    "erle_db": 3.648467941785824,
    "final_mse_db": -4.033002671866756
  },
  "RLS": {
    "erle_db": 3.351411274010964,
    "final_mse_db": -3.7359460040919124
  },
  "TCN": {
    "erle_db": 99.61546526991907,
    "final_mse_db": -100.0
  }
}