{
  "LMS": {
    "erle_db": 4.910266924895369,
    "final_mse_db": -6.1651763434345295
  },
  "NLMS": {
    "erle_db": 5.340287144233943,
    "final_mse_db": -6.595196562773083
  },
  "RLS": {
    "erle_db": 5.295320496442973,
    "final_mse_db": -6.5502299149821095
  },
  "NLMS+TCN": {
    "erle_db": 5.3373059999862695,
    "final_mse_db": -6.59221541852542
  }
}