{
  "LMS": {
    "erle_db": 4.1037351279572825,
    "final_mse_db": -4.545985113967653
  },
  "NLMS": {
    "erle_db": 3.864036701149021,
    "final_mse_db": -4.306286687159414
  },
  "RLS": {
    "erle_db": 3.737007810940573,
    "final_mse_db": -4.179257796950936
  },
  "Hybrid-NLMS-NN": {
    "erle_db": 3.863242873248696,
    "final_mse_db": -4.305496118501749
  }
}