{
  "LMS": {
    "erle_db": 3.6204932597493262,
    "final_mse_db": -14.41588670787626
  },
  "NLMS": {
    "erle_db": 3.3591591511548917,
    "final_mse_db": -14.154552599281807
  },
  "RLS": {
    "erle_db": 2.7775698296733786,
    "final_mse_db": -13.572963277800321
  },
  "Hybrid-NLMS-NN": {
    "erle_db": 3.3590907190801804,
    "final_mse_db": -14.154488684849394
  }
}