{
  "LMS": {
    "erle_db": 4.870873820856906,
    "final_mse_db": -6.130255688360896
  },
  "NLMS": {
    "erle_db": 5.312465106847277,
    "final_mse_db": -6.571846974351275
  },
  "RLS": {
    "erle_db": 5.277200012095479,
    "final_mse_db": -6.536581879599451
  },
  "NLMS+TCN": {
    "erle_db": 5.308403849068494,
    "final_mse_db": -6.567785716572475
  }
}