{
  "Full LISTA": {
    "mean": -0.05993671168596927,
    "std": 0.02894062219582826,
    "values": [
      -0.0446487896737758,
      -0.11033314830541716,
      -0.05472117713566777,
      -0.06667293081745845,
      -0.023307512497527154
    ]
  },
  "No W (identity)": {
    "mean": -0.05389794254464373,
    "std": 0.026816645863275416,
    "values": [
      -0.03992803989518612,
      -0.10075842773972282,
      -0.04997323693453809,
      -0.05903240574709131,
      -0.019797602406680298
    ]
  },
  "Fixed threshold": {
    "mean": -0.04424246042853984,
    "std": 0.02379823448372185,
    "values": [
      -0.028283790607243647,
      -0.08486597387442255,
      -0.044048347545560286,
      -0.04971845898365444,
      -0.014295731131818304
    ]
  },
  "Shared params": {
    "mean": -0.0592374751315599,
    "std": 0.029197376288744886,
    "values": [
      -0.044813821195838946,
      -0.11021101068485599,
      -0.05350474669805719,
      -0.06560478142167857,
      -0.022053015657368846
    ]
  }
}