{
  "Full LISTA": {
    "mean": 39.20615665736089,
    "std": 8.883785372227907,
    "values": [
      34.49290708152252,
      47.0937481755133,
      28.38083894681461,
      52.079383832050574,
      33.98390525090349
    ]
  },
  "No W (identity)": {
    "mean": -5.6525999786949965,
    "std": 0.0488023434184328,
    "values": [
      -5.6691171056643945,
      -5.659574853206775,
      -5.5632437998248125,
      -5.6587616768056055,
      -5.712302457973402
    ]
  },
  "Fixed threshold": {
    "mean": -6.294545694276415,
    "std": 0.060060602192232915,
    "values": [
      -6.307356137925507,
      -6.303130348890256,
      -6.184898882187607,
      -6.307996072225677,
      -6.3693470301530315
    ]
  },
  "Shared params": {
    "mean": -6.360352125068842,
    "std": 0.0627577990943443,
    "values": [
      -6.374009545743899,
      -6.37715711002461,
      -6.244419643920835,
      -6.370446184078463,
      -6.435728141576406
    ]
  }
}