{
  "Full LISTA": {
    "mean": -17.442397842289324,
    "std": 0.29362591881297667,
    "values": [
      -17.316190799321113,
      -17.237253265925105,
      -17.296404513284326,
      -17.336233228747183,
      -18.025907404168883
    ]
  },
  "No W (identity)": {
    "mean": -15.161360955247698,
    "std": 0.22987238537574667,
    "values": [
      -15.240249098171404,
      -15.093589150553605,
      -14.807507478780419,
      -15.146391719004104,
      -15.519067329728973
    ]
  },
  "Fixed threshold": {
    "mean": -9.975442003060548,
    "std": 1.5438263053934524,
    "values": [
      -11.757881844831648,
      -9.303448367226824,
      -8.35473164072614,
      -8.567528045101305,
      -11.893620117416821
    ]
  },
  "Shared params": {
    "mean": -16.578401484903917,
    "std": 0.28787801060918866,
    "values": [
      -16.608070648582455,
      -16.35283319901317,
      -16.5041033268674,
      -16.313135333448198,
      -17.11386491660836
    ]
  }
}