{
  "32": {
    "LMS": {
      "mean": -17.237783054978536,
      "std": 1.5601926969781366,
      "values": [
        -14.976379963094939,
        -18.244133241622627,
        -18.05855476458762,
        -19.07917045341343,
        -15.830676852174062
      ]
    },
    "NLMS": {
      "mean": -17.99591724978354,
      "std": 1.8256026756240353,
      "values": [
        -15.026283606467283,
        -19.180405480781882,
        -19.124239484713257,
        -19.89810930161804,
        -16.750548375337225
      ]
    },
    "OMP": {
      "mean": -32.909845733863314,
      "std": 3.416711019570232,
      "values": [
        -26.70978370255899,
        -34.78407800956024,
        -34.13379315342831,
        -36.70880501144146,
        -32.21276879232759
      ]
    },
    "LASSO": {
      "mean": -24.332618505512556,
      "std": 1.955794093803624,
      "values": [
        -21.444460270869364,
        -25.66420590172809,
        -25.78170886824594,
        -26.244507122660153,
        -22.528210364059234
      ]
    },
    "LISTA": {
      "mean": -30.270909242989063,
      "std": 1.9529428121321917,
      "values": [
        -29.017797644362105,
        -31.508422820193054,
        -31.72583645874625,
        -32.08260318788331,
        -27.019886103760598
      ]
    }
  },
  "64": {
    "LMS": {
      "mean": -14.58061536068185,
      "std": 0.08306615594607555,
      "values": [
        -14.657187949572407,
        -14.64368384745831,
        -14.598813362554369,
        -14.57873860695129,
        -14.424653036872872
      ]
    },
    "NLMS": {
      "mean": -16.572948339070006,
      "std": 0.12704938595381587,
      "values": [
        -16.585232715427658,
        -16.6934015664813,
        -16.654719775317346,
        -16.60051632191212,
        -16.33087131621162
      ]
    },
    "OMP": {
      "mean": -37.52758748498552,
      "std": 0.31393792172586366,
      "values": [
        -37.53334779427818,
        -37.144574965804466,
        -37.20771797696716,
        -37.89548064238823,
        -37.856816045489566
      ]
    },
    "LASSO": {
      "mean": -29.035628817290775,
      "std": 0.12819095698702274,
      "values": [
        -28.893476943107697,
        -28.913745841708696,
        -29.12902945155496,
        -29.011812300605516,
        -29.230079549477026
      ]
    },
    "LISTA": {
      "mean": -32.28689970025094,
      "std": 0.8465954959799122,
      "values": [
        -33.01407218603239,
        -32.1981847089821,
        -31.5402495895359,
        -31.226628410478195,
        -33.45536360622614
      ]
    }
  },
  "128": {
    "LMS": {
      "mean": -7.0234110283938715,
      "std": 0.11644933046987115,
      "values": [
        -7.0254099434093185,
        -7.174734929543654,
        -6.8250191893033465,
        -6.998383034232148,
        -7.093508045480892
      ]
    },
    "NLMS": {
      "mean": -7.787355018062712,
      "std": 0.13381034378558984,
      "values": [
        -7.7944986923949235,
        -7.956756123366834,
        -7.559478405987674,
        -7.751648932859142,
        -7.87439293570499
      ]
    },
    "OMP": {
      "mean": -33.55977068455946,
      "std": 0.24402985227457488,
      "values": [
        -33.39780388752884,
        -33.7052368029632,
        -33.85091640728448,
        -33.675310206990225,
        -33.169586118030566
      ]
    },
    "LASSO": {
      "mean": -26.358469224960327,
      "std": 0.1209429485284954,
      "values": [
        -26.177578206990525,
        -26.50498375186455,
        -26.385280809857722,
        -26.45764675661332,
        -26.266856599475513
      ]
    },
    "LISTA": {
      "mean": -25.54068048915874,
      "std": 0.6660295215674714,
      "values": [
        -25.146445829976408,
        -26.619810940589403,
        -24.90557115260391,
        -26.012491350950402,
        -25.019083171673586
      ]
    }
  },
  "256": {
    "LMS": {
      "mean": -2.9033388221795504,
      "std": 0.07003292952905439,
      "values": [
        -2.8917417213316425,
        -3.007556914782599,
        -2.8345511353417456,
        -2.9566578710127205,
        -2.826186468429043
      ]
    },
    "NLMS": {
      "mean": -3.242706399629647,
      "std": 0.08825397376563045,
      "values": [
        -3.2418371602989944,
        -3.3703431240896773,
        -3.163413927780341,
        -3.30625490528333,
        -3.131682880695891
      ]
    },
    "OMP": {
      "mean": -12.98541341914679,
      "std": 0.5789159660103536,
      "values": [
        -13.012963071431464,
        -14.053570353200541,
        -12.905338315746064,
        -12.554521609742766,
        -12.400673745613108
      ]
    },
    "LASSO": {
      "mean": -10.15727628755504,
      "std": 0.2888826132025979,
      "values": [
        -9.901598110455257,
        -10.692735141078632,
        -9.91201961215445,
        -10.187086130219933,
        -10.092942443866935
      ]
    },
    "LISTA": {
      "mean": 26.844966273187957,
      "std": 30.22692988014167,
      "values": [
        64.14117613470007,
        37.81500865720196,
        -8.634543098744523,
        -8.843808967134475,
        49.74699863991675
      ]
    }
  }
}