{
  "32": {
    "LMS": {
      "mean": -5.960522143252223,
      "std": 0.26745349854457484,
      "values": [
        -5.443416566427247,
        -6.126368036548156,
        -6.170731339424113,
        -6.096691523626206,
        -5.965403250235395
      ]
    },
    "NLMS": {
      "mean": -6.973827685356495,
      "std": 0.5479287806387318,
      "values": [
        -5.9654190264655105,
        -7.356596967898365,
        -7.425439211737054,
        -7.30439199448663,
        -6.817291226194917
      ]
    },
    "OMP": {
      "mean": -23.2013316065693,
      "std": 4.61162547649229,
      "values": [
        -15.078105935691203,
        -27.079704935993853,
        -24.82467871223364,
        -27.61333171689781,
        -21.41083673203
      ]
    },
    "LASSO": {
      "mean": -19.794083134872132,
      "std": 3.0716407677551483,
      "values": [
        -14.04620614979284,
        -22.37430569342255,
        -21.30305677871589,
        -22.006650607387726,
        -19.240196445041665
      ]
    },
    "LISTA": {
      "mean": 36.25942804019236,
      "std": 10.61787375575519,
      "values": [
        46.61395095848214,
        27.599069432383843,
        30.192360511076274,
        51.39014111360872,
        25.501618185410805
      ]
    }
  },
  "64": {
    "LMS": {
      "mean": -6.985394573776564,
      "std": 0.0819199296433843,
      "values": [
        -7.028846809102998,
        -6.902403801657631,
        -6.895732073307464,
        -7.114775457283677,
        -6.98521472753105
      ]
    },
    "NLMS": {
      "mean": -7.766863465081391,
      "std": 0.08905837703078592,
      "values": [
        -7.787784289158537,
        -7.704863945596792,
        -7.652776608921515,
        -7.916284136001812,
        -7.7726083457283
      ]
    },
    "OMP": {
      "mean": -33.11971226283078,
      "std": 0.32401575964656015,
      "values": [
        -32.7375229721269,
        -32.94143843071903,
        -33.29822836346035,
        -32.96264045554575,
        -33.658731092301856
      ]
    },
    "LASSO": {
      "mean": -26.33407224164464,
      "std": 0.38078744031821604,
      "values": [
        -26.171097712733488,
        -25.867448572726637,
        -26.496816258480905,
        -26.152026709769324,
        -26.982971954512827
      ]
    },
    "LISTA": {
      "mean": 39.20615665736089,
      "std": 8.883785372227907,
      "values": [
        34.49290708152252,
        47.0937481755133,
        28.38083894681461,
        52.079383832050574,
        33.98390525090349
      ]
    }
  },
  "128": {
    "LMS": {
      "mean": -7.023411028262944,
      "std": 0.11644933047050296,
      "values": [
        -7.025409943382459,
        -7.174734929461507,
        -6.825019189203962,
        -6.998383033975478,
        -7.093508045291318
      ]
    },
    "NLMS": {
      "mean": -7.7873550179069415,
      "std": 0.13381034379336967,
      "values": [
        -7.794498692428995,
        -7.956756123281998,
        -7.559478405892714,
        -7.75164893242898,
        -7.874392935502024
      ]
    },
    "OMP": {
      "mean": -33.55977062928241,
      "std": 0.2440298889629212,
      "values": [
        -33.3978036111436,
        -33.7052368029632,
        -33.85091640728448,
        -33.675310206990225,
        -33.169586118030566
      ]
    },
    "LASSO": {
      "mean": -26.358469224960327,
      "std": 0.1209429485284954,
      "values": [
        -26.177578206990525,
        -26.50498375186455,
        -26.385280809857722,
        -26.45764675661332,
        -26.266856599475513
      ]
    },
    "LISTA": {
      "mean": 38.96862636157499,
      "std": 9.65659043366983,
      "values": [
        24.959498020128205,
        42.261023603799124,
        49.92479025853571,
        30.50963702793809,
        47.18818289747384
      ]
    }
  },
  "256": {
    "LMS": {
      "mean": -7.1119950082555645,
      "std": 0.08381001381035769,
      "values": [
        -7.100599696162114,
        -7.219394883736548,
        -7.048404618669979,
        -7.19296541027087,
        -6.998610432438317
      ]
    },
    "NLMS": {
      "mean": -7.90380073687772,
      "std": 0.0990074447123362,
      "values": [
        -7.89523284077564,
        -8.038765354252524,
        -7.838490151843819,
        -7.984145637487617,
        -7.7623697000290015
      ]
    },
    "OMP": {
      "mean": -31.946329143547917,
      "std": 0.23372427004746604,
      "values": [
        -32.08657777202091,
        -31.965139526006897,
        -32.222146016388024,
        -31.931965325176815,
        -31.525817078146932
      ]
    },
    "LASSO": {
      "mean": -25.470246936259784,
      "std": 0.21628160040200092,
      "values": [
        -25.527038574637704,
        -25.627363621725735,
        -25.687158361102366,
        -25.43666708716602,
        -25.073007036667107
      ]
    },
    "LISTA": {
      "mean": 36.45620905468077,
      "std": 13.299936439960321,
      "values": [
        29.50114389864904,
        58.344659270882616,
        24.90403427073614,
        24.33019954878487,
        45.201008284351225
      ]
    }
  }
}