{
  "32": {
    "LMS": {
      "mean": 0.014538565496890515,
      "std": 0.006464702327076509,
      "values": [
        0.01915759354742861,
        0.0036219738898750635,
        0.019987235915831493,
        0.019345144499120958,
        0.010580879632196456
      ]
    },
    "NLMS": {
      "mean": 0.208929357064055,
      "std": 0.025265702317738063,
      "values": [
        0.23031658490029042,
        0.161629348295069,
        0.2210867026240384,
        0.22709129319403365,
        0.20452285630684355
      ]
    },
    "OMP": {
      "mean": 3.0196934649687064,
      "std": 0.04491046744108792,
      "values": [
        3.0836213079517942,
        2.944471263866589,
        3.029302629693647,
        3.031623121615725,
        3.0094490017157787
      ]
    },
    "LASSO": {
      "mean": 2.9413491355683172,
      "std": 0.047968843419380715,
      "values": [
        3.0154399381957884,
        2.866182905775111,
        2.940961814804204,
        2.95557904142619,
        2.928581977640292
      ]
    },
    "LISTA": {
      "mean": -0.11105826867735373,
      "std": 0.02949153764657678,
      "values": [
        -0.0879739871629747,
        -0.09500651331925623,
        -0.08541638169009877,
        -0.12341456999223596,
        -0.163479891222203
      ]
    }
  },
  "64": {
    "LMS": {
      "mean": 0.05265585184715561,
      "std": 0.0028739421517042646,
      "values": [
        0.05411597367391454,
        0.050252712663814786,
        0.04827620264930297,
        0.05546545355008695,
        0.055168916698658824
      ]
    },
    "NLMS": {
      "mean": 0.20536274033299376,
      "std": 0.005211585506904677,
      "values": [
        0.20518902383695134,
        0.21136692416184588,
        0.19717422907767454,
        0.21040769131962628,
        0.20267583326887081
      ]
    },
    "OMP": {
      "mean": 2.996419562064542,
      "std": 0.03741288335794388,
      "values": [
        3.0112954171035367,
        2.9733415810245734,
        2.9844904350924333,
        3.0607981574917673,
        2.952172219610399
      ]
    },
    "LASSO": {
      "mean": 2.9547402508605245,
      "std": 0.035547892103785755,
      "values": [
        2.96589909455153,
        2.9340740245973675,
        2.941780536715515,
        3.0176763671266196,
        2.914271231311592
      ]
    },
    "LISTA": {
      "mean": -0.05993671168596927,
      "std": 0.02894062219582826,
      "values": [
        -0.0446487896737758,
        -0.11033314830541716,
        -0.05472117713566777,
        -0.06667293081745845,
        -0.023307512497527154
      ]
    }
  },
  "128": {
    "LMS": {
      "mean": 0.20378546420285087,
      "std": 0.005765371350306271,
      "values": [
        0.21422568930651814,
        0.204698894421946,
        0.2027704247324895,
        0.19958854638769435,
        0.19764376616560647
      ]
    },
    "NLMS": {
      "mean": 0.2230904178194125,
      "std": 0.005415350592480388,
      "values": [
        0.2291285381255481,
        0.2201512305263657,
        0.22912768268661748,
        0.221939098685727,
        0.21510553907280427
      ]
    },
    "OMP": {
      "mean": 3.0263413984581797,
      "std": 0.019463644847903926,
      "values": [
        3.062818526520235,
        3.021866440719874,
        3.018298598844088,
        3.0045676106080315,
        3.0241558155986703
      ]
    },
    "LASSO": {
      "mean": 3.0022423632339206,
      "std": 0.01823495852595485,
      "values": [
        3.035957259232095,
        3.000849068402149,
        2.9943830527938524,
        2.9809845217648325,
        2.999037913976676
      ]
    },
    "LISTA": {
      "mean": -0.038996100877876846,
      "std": 0.015061319375683559,
      "values": [
        -0.016960686402795175,
        -0.05320311628276072,
        -0.05844597617622533,
        -0.03248147182892021,
        -0.03388925369868281
      ]
    }
  },
  "256": {
    "LMS": {
      "mean": 0.5700970769661928,
      "std": 0.01977477284685542,
      "values": [
        0.5647863079528509,
        0.5340955904483451,
        0.5879397876665109,
        0.5861402605909043,
        0.5775234381723524
      ]
    },
    "NLMS": {
      "mean": 0.20414325813754983,
      "std": 0.016458421470502603,
      "values": [
        0.20366885948253585,
        0.17275038178690263,
        0.21862823469542325,
        0.2148059234413269,
        0.21086289128156063
      ]
    },
    "OMP": {
      "mean": 3.006064525324671,
      "std": 0.03368595025069577,
      "values": [
        3.0128489765376654,
        2.94202693837482,
        3.0377160444098577,
        3.0287984815113567,
        3.0089321857896545
      ]
    },
    "LASSO": {
      "mean": 2.993671113249421,
      "std": 0.03419006087467335,
      "values": [
        3.000660463339883,
        2.9289913395801066,
        3.0260483488645913,
        3.017368835976684,
        2.995286578485839
      ]
    },
    "LISTA": {
      "mean": -0.013506543460385873,
      "std": 0.010607631358433131,
      "values": [
        -0.01020587635580602,
        -0.006408655401803697,
        -0.011109180891086545,
        -0.005521879228620593,
        -0.034287125424612507
      ]
    }
  }
}