{
  "1": {
    "mean": -3.5841223081133458,
    "std": 0.0629334055072244,
    "values": [
      -3.6116142051842326,
      -3.5116671516339597,
      -3.618072509745838,
      -3.5103059095875193,
      -3.668951764415179
    ]
  },
  "2": {
    "mean": -6.181068418206486,
    "std": 0.07054313304977794,
    "values": [
      -6.2306178556374885,
      -6.125890571997278,
      -6.296550686795528,
      -6.128574287536129,
      -6.123708689066005
    ]
  },
  "3": {
    "mean": -8.089759019124553,
    "std": 0.9037641926750359,
    "values": [
      -8.492545023261558,
      -8.669346011904336,
      -8.498958753586754,
      -6.287150812207461,
      -8.500794494662664
    ]
  },
  "5": {
    "mean": -8.146925114797977,
    "std": 7.902061165251906,
    "values": [
      -11.809823407052015,
      -12.208593168242883,
      -12.05974133922243,
      7.653610054870262,
      -12.310077714342814
    ]
  },
  "8": {
    "mean": -14.44618800281648,
    "std": 5.981564657913922,
    "values": [
      -2.4956778031688223,
      -17.129855129195906,
      -17.535094826881583,
      -17.891542146761637,
      -17.17877010807446
    ]
  },
  "10": {
    "mean": -14.718649369292294,
    "std": 7.2366347454921005,
    "values": [
      -5.312041673181527,
      -6.431385601500004,
      -20.80175551603979,
      -20.893008365320078,
      -20.15505569042007
    ]
  },
  "15": {
    "mean": -24.133632664156863,
    "std": 0.9575228114010921,
    "values": [
      -25.293318623341648,
      -23.805220970908376,
      -24.31547975822567,
      -24.76400823938237,
      -22.490135728926248
    ]
  },
  "20": {
    "mean": -24.19984010063145,
    "std": 0.22403946220471951,
    "values": [
      -23.97183623347601,
      -24.09152668155828,
      -24.34291602912119,
      -24.024331205168956,
      -24.568590353832825
    ]
  },
  "OMP": {
    "mean": -33.11971226283078,
    "std": 0.32401575964656015,
    "values": [
      -32.7375229721269,
      -32.94143843071903,
      -33.29822836346035,
      -32.96264045554575,
      -33.658731092301856
    ]
  }
}