{
  "1": {
    "mean": -5.4842509846580665,
    "std": 0.1590188256787567,
    "values": [
      -5.465210273364524,
      -5.471692407643898,
      -5.60066075988267,
      -5.208643015074168,
      -5.675048467325075
    ]
  },
  "2": {
    "mean": -7.0847576937059795,
    "std": 0.8278543213350581,
    "values": [
      -7.531470846172549,
      -7.411542783361953,
      -7.437377845865544,
      -5.434969353521851,
      -7.608427639608003
    ]
  },
  "3": {
    "mean": -5.740300264745322,
    "std": 6.815810849950612,
    "values": [
      -8.186841728802332,
      -9.269034876938466,
      -9.896039085403775,
      7.847236227506667,
      -9.196821860088702
    ]
  },
  "5": {
    "mean": 15.537717329855488,
    "std": 13.70484011251096,
    "values": [
      10.530906559946944,
      11.377950893693798,
      8.931437578066122,
      42.51219129795082,
      4.336100319619746
    ]
  },
  "8": {
    "mean": 42.01749118585099,
    "std": 11.436176107118346,
    "values": [
      63.03066289857785,
      43.39911843126459,
      36.1407754971131,
      38.20305390685972,
      29.31384519543971
    ]
  },
  "10": {
    "mean": 63.98199765439489,
    "std": 14.443971701712039,
    "values": [
      81.37180156157683,
      81.91430445075689,
      52.20427314484604,
      53.49137203150445,
      50.92823708329023
    ]
  },
  "15": {
    "mean": 110.2531631216198,
    "std": 10.03070451859428,
    "values": [
      121.9527923212653,
      108.04680803681995,
      117.31896546270619,
      111.30900839588107,
      92.63824139142648
    ]
  },
  "20": {
    "mean": 158.96725740125058,
    "std": 23.320355911568154,
    "values": [
      153.7999752142034,
      124.17071655476555,
      153.8453065885591,
      166.69297426147028,
      196.3273143872546
    ]
  },
  "OMP": {
    "mean": -33.11971226283078,
    "std": 0.32401575964656015,
    "values": [
      -32.7375229721269,
      -32.94143843071903,
      -33.29822836346035,
      -32.96264045554575,
      -33.658731092301856
    ]
  }
}