{
  "1": {
    "mean": -0.012758811034924855,
    "std": 0.004082254277664087,
    "values": [
      -0.014080953643584623,
      -0.014673370512589653,
      -0.01506221235721086,
      -0.01533938407572297,
      -0.004638134585516163
    ]
  },
  "2": {
    "mean": -0.020183590641556576,
    "std": 0.006208912929147097,
    "values": [
      -0.030806396514953517,
      -0.01791764272308157,
      -0.018812413482974237,
      -0.011766601620470307,
      -0.021614898866303245
    ]
  },
  "3": {
    "mean": -0.029920290202734977,
    "std": 0.012382985712368509,
    "values": [
      -0.021848520966055506,
      -0.0118026808853165,
      -0.04716809926953244,
      -0.03015859932790927,
      -0.03862355056486117
    ]
  },
  "5": {
    "mean": -0.04175952925093253,
    "std": 0.02045255426576714,
    "values": [
      -0.015616313692609718,
      -0.05658461972573064,
      -0.026553815822736943,
      -0.03762442107252173,
      -0.0724184759410636
    ]
  },
  "8": {
    "mean": -0.09512270208876705,
    "std": 0.022626487209341798,
    "values": [
      -0.11112473645687349,
      -0.08637085123990763,
      -0.06255553581510835,
      -0.08721381039247422,
      -0.12834857653947154
    ]
  },
  "10": {
    "mean": -0.04331993951231235,
    "std": 0.016960268931452867,
    "values": [
      -0.018074383259516453,
      -0.06943072765774277,
      -0.04090287511012092,
      -0.05158237534077106,
      -0.03660933619341056
    ]
  },
  "15": {
    "mean": -0.035894896115371125,
    "std": 0.009130922221046396,
    "values": [
      -0.03647907370164029,
      -0.03276627803012847,
      -0.02033514332511157,
      -0.045560333708173494,
      -0.04433365181180175
    ]
  },
  "20": {
    "mean": -0.04109314754559253,
    "std": 0.020157721705593584,
    "values": [
      -0.017199515884859642,
      -0.025193712768521066,
      -0.034159019795158646,
      -0.07029513464123029,
      -0.058618354638193045
    ]
  },
  "OMP": {
    "mean": 2.996419562064542,
    "std": 0.03741288335794388,
    "values": [
      3.0112954171035367,
      2.9733415810245734,
      2.9844904350924333,
      3.0607981574917673,
      2.952172219610399
    ]
  }
}