{
  "-5": {
    "LMS": 0.13030688168587928,
    "NLMS": 0.5640784748979217,
    "OMP": 3.88845453389877,
    "LASSO": 7.001799050179505,
    "LISTA_mean": -0.07238281089941646,
    "LISTA_std": 0.01741337698274425,
    "LISTA_values": [
      -0.09070939974909509,
      -0.07444041739435511,
      -0.04498487474844291,
      -0.061733627809822327,
      -0.09004573479536689
    ]
  },
  "0": {
    "LMS": 0.07737601298051928,
    "NLMS": 0.3120917926368769,
    "OMP": 3.1729741501589737,
    "LASSO": 4.362921175241825,
    "LISTA_mean": -0.05491746023158885,
    "LISTA_std": 0.021197310551569804,
    "LISTA_values": [
      -0.05295338948904063,
      -0.03707977556089513,
      -0.03870320878394475,
      -0.09543225130150303,
      -0.050418676022560685
    ]
  },
  "5": {
    "LMS": 0.04632330561321501,
    "NLMS": 0.1984896258933826,
    "OMP": 3.045508798182083,
    "LASSO": 3.405605619915881,
    "LISTA_mean": -0.04263276674829235,
    "LISTA_std": 0.02310187297361226,
    "LISTA_values": [
      -0.004380560756288939,
      -0.07559476775775174,
      -0.05288054429441618,
      -0.041006093471302824,
      -0.03930186746170207
    ]
  },
  "10": {
    "LMS": 0.07239391937604901,
    "NLMS": 0.23938702687383678,
    "OMP": 3.06238015200917,
    "LASSO": 3.099409842372034,
    "LISTA_mean": -0.05097591613218348,
    "LISTA_std": 0.02094382645543598,
    "LISTA_values": [
      -0.0792840032366118,
      -0.03744817403820214,
      -0.07350304623828455,
      -0.03397691279740167,
      -0.03066744435041724
    ]
  },
  "15": {
    "LMS": 0.048554708430894974,
    "NLMS": 0.1829924126806582,
    "OMP": 2.956309569564561,
    "LASSO": 2.926911687034038,
    "LISTA_mean": -0.04737947164249899,
    "LISTA_std": 0.02201495924469918,
    "LISTA_values": [
      -0.02760224259385436,
      -0.02139767801087121,
      -0.044456304410961926,
      -0.06267686576297392,
      -0.08076426743383355
    ]
  },
  "20": {
    "LMS": 0.06125471936768107,
    "NLMS": 0.2105709348773456,
    "OMP": 3.006000240639696,
    "LASSO": 2.9581281478136177,
    "LISTA_mean": -0.06161896128863468,
    "LISTA_std": 0.028461333641661337,
    "LISTA_values": [
      -0.056803869985827996,
      -0.1162383498742452,
      -0.03307875174084522,
      -0.04973181285245512,
      -0.05224202198979982
    ]
  },
  "25": {
    "LMS": 0.0656428880136107,
    "NLMS": 0.21664333762819893,
    "OMP": 3.0209611982100535,
    "LASSO": 2.9817860931603777,
    "LISTA_mean": -0.07268668187500482,
    "LISTA_std": 0.03471638152307022,
    "LISTA_values": [
      -0.027005975807559625,
      -0.0832563323707587,
      -0.03807564607569983,
      -0.09756818598334141,
      -0.11752726913766451
    ]
  },
  "30": {
    "LMS": 0.048085636956406747,
    "NLMS": 0.18582696438862611,
    "OMP": 3.0264001411867074,
    "LASSO": 2.9903975556609543,
    "LISTA_mean": -0.051524224178958654,
    "LISTA_std": 0.01934008711631103,
    "LISTA_values": [
      -0.06677860357612601,
      -0.0426749129667372,
      -0.07823910447246635,
      -0.047151089683998455,
      -0.022777410195465274
    ]
  },
  "40": {
    "LMS": 0.05387395298106743,
    "NLMS": 0.20335288325677708,
    "OMP": 2.986997909226259,
    "LASSO": 2.952656224065406,
    "LISTA_mean": -0.04983556575885412,
    "LISTA_std": 0.019849085032339203,
    "LISTA_values": [
      -0.0757707258126503,
      -0.05276001176378968,
      -0.025629326446751963,
      -0.06610964902268729,
      -0.028908115748391375
    ]
  }
}