{
  "2": {
    "LMS": -6.560770054521752,
    "NLMS": -7.499254410557885,
    "OMP": -28.40406642178726,
    "LASSO": -20.27561538782271,
    "LISTA_mean": 43.05914838183341,
    "LISTA_std": 8.435356454740907,
    "LISTA_values": [
      46.93133640382703,
      35.57348452585544,
      46.90319800325122,
      31.326118817471027,
      54.56160415876233
    ]
  },
  "5": {
    "LMS": -6.952465548176971,
    "NLMS": -7.772275543619196,
    "OMP": -31.088966077230413,
    "LASSO": -25.503295211882822,
    "LISTA_mean": 43.28872191955605,
    "LISTA_std": 4.558493809412214,
    "LISTA_values": [
      48.98960437815445,
      37.49899328028922,
      48.12160414414171,
      42.19510542674171,
      39.638302368453154
    ]
  },
  "8": {
    "LMS": -7.001473774102673,
    "NLMS": -7.718929880598372,
    "OMP": -31.50651059040074,
    "LASSO": -26.538945581205287,
    "LISTA_mean": 34.65024170583196,
    "LISTA_std": 8.90512787529586,
    "LISTA_values": [
      46.59479020279795,
      25.75794584550057,
      30.045746932758526,
      26.698383398145154,
      44.15434214995759
    ]
  },
  "10": {
    "LMS": -7.307919987773107,
    "NLMS": -8.18133818714444,
    "OMP": -30.551227818387204,
    "LASSO": -26.508147534461102,
    "LISTA_mean": 47.099680447636125,
    "LISTA_std": 6.588462539958732,
    "LISTA_values": [
      35.024489587267624,
      46.24039970107772,
      49.651611898834894,
      50.04599269603065,
      54.53590835496974
    ]
  },
  "15": {
    "LMS": -7.169411121778292,
    "NLMS": -7.919691506520147,
    "OMP": -27.314391285631014,
    "LASSO": -25.65802325045891,
    "LISTA_mean": 51.86032955252891,
    "LISTA_std": 11.55405499202679,
    "LISTA_values": [
      66.60734079306116,
      52.05439520553021,
      62.605228672175954,
      37.49560030288829,
      40.53908278898894
    ]
  }
}