{
  "-5": {
    "LMS": -1.626037405476243,
    "NLMS": -1.0983472837347361,
    "OMP": -2.040824599077751,
    "LASSO": 4.775943305398624,
    "LISTA_mean": -0.8167441249538377,
    "LISTA_std": 0.4905253563387199,
    "LISTA_values": [
      0.08661473571909932,
      -1.2027870885539313,
      -1.2912699126281224,
      -0.9152721987033929,
      -0.7610061606028413
    ]
  },
  "0": {
    "LMS": -3.1985833672003228,
    "NLMS": -3.2140271529150666,
    "OMP": -8.243411479743546,
    "LASSO": -1.1719117608101761,
    "LISTA_mean": -6.804278025173818,
    "LISTA_std": 1.3517728877549617,
    "LISTA_values": [
      -7.5403030510430415,
      -7.580790050987691,
      -4.122770012040943,
      -7.145849779901833,
      -7.631677231895576
    ]
  },
  "5": {
    "LMS": -5.044584477895362,
    "NLMS": -5.269565204866411,
    "OMP": -14.504214085052464,
    "LASSO": -6.596530041341053,
    "LISTA_mean": -13.212917206774568,
    "LISTA_std": 0.07187103812290356,
    "LISTA_values": [
      -13.264615086107497,
      -13.242587135526591,
      -13.282199950210924,
      -13.082245917924704,
      -13.192937944103125
    ]
  },
  "10": {
    "LMS": -5.916406979979161,
    "NLMS": -6.657597639185595,
    "OMP": -20.89915569817258,
    "LASSO": -12.758771880428677,
    "LISTA_mean": -15.998955811259753,
    "LISTA_std": 0.346634352495827,
    "LISTA_values": [
      -16.54422226063541,
      -15.592629717012002,
      -15.923422679763206,
      -16.22283485144891,
      -15.711669547439248
    ]
  },
  "15": {
    "LMS": -6.711301476998953,
    "NLMS": -7.529135887549984,
    "OMP": -27.217333341364018,
    "LASSO": -19.3664604394031,
    "LISTA_mean": -16.90656174733663,
    "LISTA_std": 0.2770516623343965,
    "LISTA_values": [
      -17.093506890583928,
      -17.15861968759217,
      -16.388985185399957,
      -16.86119025317115,
      -17.030506719935957
    ]
  },
  "20": {
    "LMS": -7.313256581321523,
    "NLMS": -8.236686729107266,
    "OMP": -32.96298151487357,
    "LASSO": -26.986572184619057,
    "LISTA_mean": -17.638964551660198,
    "LISTA_std": 0.4403084794852191,
    "LISTA_values": [
      -18.345090480748226,
      -17.21897709576822,
      -17.30774754491938,
      -17.964516814893344,
      -17.358490821971817
    ]
  },
  "25": {
    "LMS": -7.2793178873238205,
    "NLMS": -8.028307075688222,
    "OMP": -37.343651084992636,
    "LASSO": -32.28127139830353,
    "LISTA_mean": -17.063488338324337,
    "LISTA_std": 0.325087528890618,
    "LISTA_values": [
      -17.321601153443133,
      -16.56745426984202,
      -16.79316974061867,
      -17.399801534278104,
      -17.235414993439758
    ]
  },
  "30": {
    "LMS": -7.344028746060866,
    "NLMS": -8.167172380935364,
    "OMP": -43.43990176176703,
    "LASSO": -38.1187011290674,
    "LISTA_mean": -17.34975967577402,
    "LISTA_std": 0.3636825816990086,
    "LISTA_values": [
      -17.74589000060762,
      -17.325554098371203,
      -17.081750176682128,
      -17.759641675231627,
      -16.835962427977528
    ]
  },
  "40": {
    "LMS": -6.930751242466443,
    "NLMS": -7.653376861933348,
    "OMP": -52.71809652708845,
    "LASSO": -42.65688917650213,
    "LISTA_mean": -17.19041755380089,
    "LISTA_std": 0.34628670448658044,
    "LISTA_values": [
      -16.810954441056587,
      -17.031780352527445,
      -17.449404035430167,
      -17.73270771271133,
      -16.927241227278934
    ]
  }
}