{
  "2": {
    "LMS": -6.560770054521752,
    "NLMS": -7.499254410557885,
    "OMP": -28.40406642178726,
    "LASSO": -20.27561538782271,
    "LISTA_mean": -17.099169919929317,
    "LISTA_std": 0.8502345142320252,
    "LISTA_values": [
      -18.78208885532469,
      -16.710060536607855,
      -16.670190846476903,
      -16.857650551212064,
      -16.475858810025073
    ]
  },
  "5": {
    "LMS": -6.952465548176971,
    "NLMS": -7.772275543619196,
    "OMP": -31.088966077230413,
    "LASSO": -25.503295211882822,
    "LISTA_mean": -17.304256845422497,
    "LISTA_std": 0.1747182276570054,
    "LISTA_values": [
      -17.439651737330877,
      -17.336321280543427,
      -17.021979050149053,
      -17.51496317115774,
      -17.208368987931376
    ]
  },
  "8": {
    "LMS": -7.001473774102673,
    "NLMS": -7.718929880598372,
    "OMP": -31.50651059040074,
    "LASSO": -26.538945581205287,
    "LISTA_mean": -15.74604566089983,
    "LISTA_std": 0.4043418769469738,
    "LISTA_values": [
      -15.643011491117447,
      -15.935325411891164,
      -15.05213091506624,
      -16.278867493603762,
      -15.82089299282054
    ]
  },
  "10": {
    "LMS": -7.307919987773107,
    "NLMS": -8.18133818714444,
    "OMP": -30.551227818387204,
    "LASSO": -26.508147534461102,
    "LISTA_mean": -14.717667197177889,
    "LISTA_std": 0.9160181627767101,
    "LISTA_values": [
      -15.616210158156862,
      -14.979566825552165,
      -15.197683403607492,
      -14.831115317450775,
      -12.963760281122156
    ]
  },
  "15": {
    "LMS": -7.169411121778292,
    "NLMS": -7.919691506520147,
    "OMP": -27.314391285631014,
    "LASSO": -25.65802325045891,
    "LISTA_mean": -9.834384992482558,
    "LISTA_std": 5.097131084784575,
    "LISTA_values": [
      -2.525935518999381,
      -13.45255172433812,
      -4.810719862578263,
      -14.50401463355304,
      -13.87870322294398
    ]
  }
}