{
  "2": {
    "LMS": 0.06207299779526795,
    "NLMS": 0.20558796780068106,
    "OMP": 3.0786164788412567,
    "LASSO": 3.0376234403690776,
    "LISTA_mean": -0.030211792588753235,
    "LISTA_std": 0.00880776367280157,
    "LISTA_values": [
      -0.027731197029828375,
      -0.016811262230968443,
      -0.040973951794552564,
      -0.02672024481232392,
      -0.03882230707609287
    ]
  },
  "5": {
    "LMS": 0.07120524223327938,
    "NLMS": 0.2332015619512691,
    "OMP": 3.098632227679945,
    "LASSO": 3.0527457208151176,
    "LISTA_mean": -0.03442085498781372,
    "LISTA_std": 0.008428350809502884,
    "LISTA_values": [
      -0.02238189245475142,
      -0.034333306995689886,
      -0.03711606573131629,
      -0.04803881734730524,
      -0.03023419241000578
    ]
  },
  "8": {
    "LMS": 0.0579474242468141,
    "NLMS": 0.20097128191428507,
    "OMP": 2.9988829707135958,
    "LASSO": 2.9508928240061794,
    "LISTA_mean": -0.04403822506483549,
    "LISTA_std": 0.03002802163372833,
    "LISTA_values": [
      -0.0040051107773710305,
      -0.034292343656621795,
      -0.09581145519772227,
      -0.051051168030586694,
      -0.03503104766187564
    ]
  },
  "10": {
    "LMS": 0.05015805310417583,
    "NLMS": 0.19500078940498228,
    "OMP": 3.0151653457005834,
    "LASSO": 2.965016637247773,
    "LISTA_mean": -0.04296652683622537,
    "LISTA_std": 0.017415563377566997,
    "LISTA_values": [
      -0.05351339496850413,
      -0.025471011101819922,
      -0.02587306003564339,
      -0.03889439447120266,
      -0.07108077360395675
    ]
  },
  "15": {
    "LMS": 0.047317096505832414,
    "NLMS": 0.18334476664628394,
    "OMP": 2.9972408033855524,
    "LASSO": 2.9405612081460553,
    "LISTA_mean": -0.04115708521156244,
    "LISTA_std": 0.0072248613513956434,
    "LISTA_values": [
      -0.028793979490212777,
      -0.04940792765347702,
      -0.03976972494531494,
      -0.04729972954551025,
      -0.040514064423297184
    ]
  }
}