{
  "-5": {
    "LMS": -1.626037405476243,
    "NLMS": -1.0983472837347361,
    "OMP": -2.040824599077751,
    "LASSO": 4.775943305398624,
    "LISTA_mean": 30.666885216123962,
    "LISTA_std": 13.571889125221354,
    "LISTA_values": [
      56.78677767502027,
      28.993467862813525,
      19.952642026929105,
      27.464760293251626,
      20.136778222605273
    ]
  },
  "0": {
    "LMS": -3.1985833672003228,
    "NLMS": -3.2140271529150666,
    "OMP": -8.243411479743546,
    "LASSO": -1.1719117608101761,
    "LISTA_mean": 27.666815728204437,
    "LISTA_std": 19.10554148891168,
    "LISTA_values": [
      10.560398023227062,
      6.418283432610804,
      58.70573792688955,
      24.586799358602143,
      38.06285989969262
    ]
  },
  "5": {
    "LMS": -5.044584477895362,
    "NLMS": -5.269565204866411,
    "OMP": -14.504214085052464,
    "LASSO": -6.596530041341053,
    "LISTA_mean": 5.657670925142812,
    "LISTA_std": 16.705486859224372,
    "LISTA_values": [
      31.94323108968068,
      17.08227486559863,
      -8.774417059382497,
      -12.862305665936296,
      0.8995713957535396
    ]
  },
  "10": {
    "LMS": -5.916406979979161,
    "NLMS": -6.657597639185595,
    "OMP": -20.89915569817258,
    "LASSO": -12.758771880428677,
    "LISTA_mean": 24.81679281024916,
    "LISTA_std": 12.582408043010785,
    "LISTA_values": [
      20.36466191372923,
      39.06907168370255,
      6.37321369865308,
      38.91388501641512,
      19.363131738745828
    ]
  },
  "15": {
    "LMS": -6.711301476998953,
    "NLMS": -7.529135887549984,
    "OMP": -27.217333341364018,
    "LASSO": -19.3664604394031,
    "LISTA_mean": 30.808519690270224,
    "LISTA_std": 14.969083869955487,
    "LISTA_values": [
      43.161782557986,
      11.355733228556613,
      47.032669214907905,
      38.17308661744607,
      14.319326832454514
    ]
  },
  "20": {
    "LMS": -7.313256581321523,
    "NLMS": -8.236686729107266,
    "OMP": -32.96298151487357,
    "LASSO": -26.986572184619057,
    "LISTA_mean": 11.845889487369556,
    "LISTA_std": 14.498714405160495,
    "LISTA_values": [
      18.869481642365397,
      15.830865016792721,
      -16.352728410477326,
      25.074582458926923,
      15.807246729240061
    ]
  },
  "25": {
    "LMS": -7.2793178873238205,
    "NLMS": -8.028307075688222,
    "OMP": -37.343651084992636,
    "LASSO": -32.28127139830353,
    "LISTA_mean": 11.4597537606594,
    "LISTA_std": 15.49586219109345,
    "LISTA_values": [
      -11.699677470775976,
      13.573460863798182,
      36.86851851529641,
      7.752074144644114,
      10.804392750334271
    ]
  },
  "30": {
    "LMS": -7.344028746060866,
    "NLMS": -8.167172380935364,
    "OMP": -43.43990176176703,
    "LASSO": -38.1187011290674,
    "LISTA_mean": 27.05444425286695,
    "LISTA_std": 18.799856752318338,
    "LISTA_values": [
      26.44600728156516,
      16.575402008415832,
      -2.025641062771611,
      48.658845713634484,
      45.6176073234909
    ]
  },
  "40": {
    "LMS": -6.930751242466443,
    "NLMS": -7.653376861933348,
    "OMP": -52.71809652708845,
    "LASSO": -42.65688917650213,
    "LISTA_mean": 13.078967756652645,
    "LISTA_std": 12.773124617021516,
    "LISTA_values": [
      13.155033527061747,
      -9.581382693407168,
      28.588742446078538,
      12.3331842759164,
      20.899261227613714
    ]
  }
}