{
  "-5": {
    "LMS": -3.036459139308919,
    "NLMS": -2.866894292214564,
    "OMP": -7.17412937289682,
    "LASSO": -1.028964037035295,
    "LISTA_mean": -4.426516602935092,
    "LISTA_std": 0.2511631197031831,
    "LISTA_values": [
      -4.308705153218086,
      -4.471379441737462,
      -4.895941877133698,
      -4.24509182511907,
      -4.2114647174671465
    ]
  },
  "0": {
    "LMS": -5.626924050575792,
    "NLMS": -5.603496254334251,
    "OMP": -11.968348349180182,
    "LASSO": -5.5402012675384995,
    "LISTA_mean": -11.421108724416403,
    "LISTA_std": 0.38528039672893777,
    "LISTA_values": [
      -10.861795058081567,
      -12.02288740128051,
      -11.421001089175189,
      -11.217805790672612,
      -11.582054282872141
    ]
  },
  "5": {
    "LMS": -8.74483332183539,
    "NLMS": -9.207262060305595,
    "OMP": -19.236293032042614,
    "LASSO": -11.09560177306607,
    "LISTA_mean": -18.41887705974526,
    "LISTA_std": 0.2695554820763756,
    "LISTA_values": [
      -18.659014036451683,
      -18.375209467125924,
      -18.658567638178944,
      -17.925879969598093,
      -18.475714187371647
    ]
  },
  "10": {
    "LMS": -12.302817813532776,
    "NLMS": -12.738654425641286,
    "OMP": -27.242445702820252,
    "LASSO": -18.16049372255147,
    "LISTA_mean": -22.29807937812626,
    "LISTA_std": 0.9398003202775553,
    "LISTA_values": [
      -23.482556321649927,
      -23.261097028477153,
      -21.168901468437138,
      -21.40668589965323,
      -22.17115617241386
    ]
  },
  "15": {
    "LMS": -13.560068091700874,
    "NLMS": -14.457925245003,
    "OMP": -32.20787172635826,
    "LASSO": -23.244259575824415,
    "LISTA_mean": -23.204491559342586,
    "LISTA_std": 0.2853955447139883,
    "LISTA_values": [
      -23.652577154690594,
      -23.08822158613982,
      -22.995748549462075,
      -22.876678518245246,
      -23.40923198817519
    ]
  },
  "20": {
    "LMS": -14.533676794687516,
    "NLMS": -16.612814498161722,
    "OMP": -37.91646041361104,
    "LASSO": -28.85843191890916,
    "LISTA_mean": -23.115135163276413,
    "LISTA_std": 0.1895373386632539,
    "LISTA_values": [
      -23.189467249601016,
      -22.762917916012203,
      -23.17985034405728,
      -23.329263146075114,
      -23.11417716063648
    ]
  },
  "25": {
    "LMS": -15.417930546620566,
    "NLMS": -17.29990377622572,
    "OMP": -42.933605077417916,
    "LASSO": -35.867801219071225,
    "LISTA_mean": -23.477264561339837,
    "LISTA_std": 0.5916971026935853,
    "LISTA_values": [
      -23.9593526363004,
      -23.6275361687408,
      -23.977830718626304,
      -22.36161593441019,
      -23.4599873486215
    ]
  },
  "30": {
    "LMS": -15.931875564241976,
    "NLMS": -17.74509290904192,
    "OMP": -47.07639147467113,
    "LASSO": -42.14806109867161,
    "LISTA_mean": -23.515188196482615,
    "LISTA_std": 0.23693977034529112,
    "LISTA_values": [
      -23.305703862199444,
      -23.411374049371297,
      -23.451443767236487,
      -23.978388719001167,
      -23.429030584604682
    ]
  },
  "40": {
    "LMS": -16.385258683992937,
    "NLMS": -18.314150588291895,
    "OMP": -56.718341353473356,
    "LASSO": -50.502383100717545,
    "LISTA_mean": -22.943352747795213,
    "LISTA_std": 0.7989184947431055,
    "LISTA_values": [
      -22.828428406586006,
      -22.38432318086733,
      -23.804518206213974,
      -21.823466768163918,
      -23.876027177144845
    ]
  }
}