{
  "ITU PedA": {
    "OMP": -21.16683787261696,
    "LASSO": -20.284419520080608,
    "LMS": -8.78634283422477,
    "NLMS": -10.878861833505496,
    "LISTA_itu": {
      "mean": -16.65312817226416,
      "std": 0.7407969435276275,
      "values": [
        -17.841833568527953,
        -17.050759154606556,
        -16.529673656728466,
        -15.712501975452316,
        -16.13087250600551
      ]
    }
  },
  "ITU VehA": {
    "OMP": -25.779253767960512,
    "LASSO": -23.200359903234226,
    "LMS": -8.899815075960655,
    "NLMS": -10.452345713884064,
    "LISTA_itu": {
      "mean": -18.14358893252948,
      "std": 0.4363097409372272,
      "values": [
        -18.89981700067311,
        -18.276270958247885,
        -17.946328390864522,
        -17.592527382969894,
        -18.003000929891982
      ]
    }
  }
}