{
  "ITU PedA": {
    "OMP": -32.7990558988037,
    "LASSO": -27.50706205475265,
    "LMS": -16.54472548753008,
    "NLMS": -19.50396034988114,
    "LISTA_itu": {
      "mean": -26.74185871342192,
      "std": 0.41408837137359183,
      "values": [
        -26.99594150882694,
        -27.31168757530989,
        -26.72918480211616,
        -26.07273563791173,
        -26.599744042944877
      ]
    }
  },
  "ITU VehA": {
    "OMP": -34.01925821070072,
    "LASSO": -27.603100307929868,
    "LMS": -16.001649363832218,
    "NLMS": -18.28834754851829,
    "LISTA_itu": {
      "mean": -27.120538450972816,
      "std": 0.3069503595403531,
      "values": [
        -27.149892477580735,
        -27.525211566030748,
        -27.269637698308905,
        -26.589996336010685,
        -27.06795417693302
      ]
    }
  }
}