{
  "ITU PedA": {
    "OMP": -26.202023588431814,
    "LASSO": -25.06196006695093,
    "LMS": -12.235375065530004,
    "NLMS": -19.78997116403725,
    "LISTA": {
      "mean": 40.813583257841195,
      "std": 5.302727097083,
      "values": [
        34.440734380396314,
        38.44926178565284,
        40.874351612043334,
        50.47849458680516,
        39.82507392430831
      ]
    }
  },
  "ITU VehA": {
    "OMP": -28.438163476120305,
    "LASSO": -25.86813933987979,
    "LMS": -9.864691336462629,
    "NLMS": -11.731974027980677,
    "LISTA": {
      "mean": 51.71109150584779,
      "std": 7.381243982647512,
      "values": [
        45.91250612610891,
        50.11269799690689,
        61.482872681234724,
        58.82814125196256,
        42.21923947302586
      ]
    }
  }
}