{
  "ITU PedA": {
    "OMP": -21.16683787261696,
    "LASSO": -20.284419520080608,
    "LMS": -8.78634283422477,
    "NLMS": -10.878861833505496,
    "LISTA_itu": {
      "mean": 28.12105849304384,
      "std": 3.4039582886737256,
      "values": [
        28.678850726555723,
        30.489354867672947,
        30.019889942837736,
        29.996325869348787,
        21.420871058804018
      ]
    }
  },
  "ITU VehA": {
    "OMP": -25.779253767960512,
    "LASSO": -23.200359903234226,
    "LMS": -8.899815075960655,
    "NLMS": -10.452345713884064,
    "LISTA_itu": {
      "mean": 24.66162345669931,
      "std": 4.422051494764316,
      "values": [
        29.887471609808777,
        24.10150696287834,
        29.28711979698226,
        18.34406411663664,
        21.687954797190546
      ]
    }
  }
}