{
  "ITU PedA": {
    "OMP": -26.202023588431814,
    "LASSO": -25.06196006695093,
    "LMS": -12.235375065530004,
    "NLMS": -19.78997116403725,
    "LISTA": {
      "mean": 1.6472075180606023,
      "std": 0.03200999673110723,
      "values": [
        1.6440949345638316,
        1.5990465702183807,
        1.6743766989583722,
        1.6889696254150097,
        1.6295497611474175
      ]
    }
  },
  "ITU VehA": {
    "OMP": -28.438163476120305,
    "LASSO": -25.86813933987979,
    "LMS": -9.864691336462629,
    "NLMS": -11.731974027980677,
    "LISTA": {
      "mean": 0.9747006570937897,
      "std": 0.02330662725109559,
      "values": [
        0.9801697612434855,
        0.9721771923558514,
        0.9862425256650563,
        1.002396541915009,
        0.9325172642895464
      ]
    }
  }
}