{
  "ITU PedA": {
    "OMP": -27.180407636846763,
    "LASSO": -27.287877982230512,
    "LMS": -16.97546828321891,
    "NLMS": -22.315975668161503,
    "LISTA": {
      "mean": -30.404656974454497,
      "std": 0.3888594287389877,
      "values": [
        -30.602622230767565,
        -30.895627702616352,
        -30.42754511284191,
        -29.715619471069424,
        -30.381870354977217
      ]
    }
  },
  "ITU VehA": {
    "OMP": -31.752182356063837,
    "LASSO": -27.53179607909606,
    "LMS": -15.888125519448316,
    "NLMS": -18.539352045788657,
    "LISTA": {
      "mean": -33.97806395822589,
      "std": 0.3527753052012562,
      "values": [
        -34.166758826891666,
        -34.51258855441537,
        -33.94309698352608,
        -33.811224695164135,
        -33.45665073113223
      ]
    }
  }
}