{
  "ITU PedA": {
    "OMP": -29.07522339703175,
    "LASSO": -25.00281310677202,
    "LMS": -12.036468965032014,
    "NLMS": -19.4187141351724,
    "LISTA_itu": {
      "mean": 6.216974848042638e-07,
      "std": 2.0708770952316853e-07,
      "values": [
        5.181536300426796e-07,
        5.181536300426796e-07,
        1.0358729038506008e-06,
        5.181536300426796e-07,
        5.181536300426796e-07
      ]
    }
  },
  "ITU VehA": {
    "OMP": -27.388657703702194,
    "LASSO": -25.95245253525125,
    "LMS": -9.805002237429367,
    "NLMS": -11.742674811172186,
    "LISTA_itu": {
      "mean": 4.342945178152236e-10,
      "std": 5.169878828456423e-26,
      "values": [
        4.3429451781522366e-10,
        4.3429451781522366e-10,
        4.3429451781522366e-10,
        4.3429451781522366e-10,
        4.3429451781522366e-10
      ]
    }
  }
}