{
  "ITU PedA": {
    "OMP": -26.202023588431814,
    "LASSO": -25.06196006695093,
    "LMS": -12.235375065530004,
    "NLMS": -19.78997116403725,
    "LISTA": {
      "mean": -23.057513915381236,
      "std": 0.35152422636111613,
      "values": [
        -23.302767809406873,
        -22.534100752361162,
        -22.755730580087512,
        -23.458155229816846,
        -23.236815205233796
      ]
    }
  },
  "ITU VehA": {
    "OMP": -28.438163476120305,
    "LASSO": -25.86813933987979,
    "LMS": -9.864691336462629,
    "NLMS": -11.731974027980677,
    "LISTA": {
      "mean": -22.12756691043943,
      "std": 1.9093594495273782,
      "values": [
        -23.679331921194894,
        -22.925585745259454,
        -22.334668087297697,
        -18.412760569482018,
        -23.28548822896309
      ]
    }
  }
}