{
  "LMS": {
    "time_ms": 2.375504000000035,
    "params": 0
  },
  "NLMS": {
    "time_ms": 2.3170045000000528,
    "params": 0
  },
  "OMP": {
    "time_ms": 3.138381999999922,
    "params": 0
  },
  "LASSO": {
    "time_ms": 6.911118000000158,
    "params": 0
  },
  "LISTA(L=5)": {
    "time_cpu_ms": 0.33327649999989717,
    "time_gpu_ms": 0.4159824999999273,
    "params": 20490
  },
  "LISTA(L=8)": {
    "time_cpu_ms": 0.40205799999995406,
    "time_gpu_ms": 0.5304239999998117,
    "params": 32784
  },
  "LISTA(L=10)": {
    "time_cpu_ms": 0.47724749999986216,
    "time_gpu_ms": 0.6206900000000815,
    "params": 40980
  }
}