{
  "LMS": {
    "time_ms": 2.580592500000023,
    "params": 0
  },
  "NLMS": {
    "time_ms": 2.4915710000001923,
    "params": 0
  },
  "OMP": {
    "time_ms": 3.316535000000158,
    "params": 0
  },
  "LASSO": {
    "time_ms": 6.935804999999959,
    "params": 0
  },
  "LISTA(L=5)": {
    "time_cpu_ms": 0.8386280000001989,
    "time_gpu_ms": 0.41401949999993803,
    "params": 20490
  },
  "LISTA(L=8)": {
    "time_cpu_ms": 0.41799249999996846,
    "time_gpu_ms": 0.525639500000068,
    "params": 32784
  },
  "LISTA(L=10)": {
    "time_cpu_ms": 0.4605035000000157,
    "time_gpu_ms": 0.6121175000001244,
    "params": 40980
  }
}