{
  "LMS": {
    "time_ms": 2.437764500000128,
    "params": 0
  },
  "NLMS": {
    "time_ms": 2.3329705000000445,
    "params": 0
  },
  "OMP": {
    "time_ms": 3.1909459999999967,
    "params": 0
  },
  "LASSO": {
    "time_ms": 6.9166355000001545,
    "params": 0
  },
  "LISTA(L=5)": {
    "time_cpu_ms": 2.243832999999995,
    "time_gpu_ms": 0.38532099999997627,
    "params": 20490
  },
  "LISTA(L=8)": {
    "time_cpu_ms": 0.4682999999999993,
    "time_gpu_ms": 0.730322000000001,
    "params": 32784
  },
  "LISTA(L=10)": {
    "time_cpu_ms": 0.5795729999999821,
    "time_gpu_ms": 0.9175055000000043,
    "params": 40980
  }
}