{
  "LMS": {
    "erle_db": 16.124359416478274,
    "final_mse_db": -16.193717022481916
  },
  "NLMS": {
    "erle_db": 16.3763241737964,
    "final_mse_db": -16.445681779800047
  },
  "RLS": {
    "erle_db": 17.642155130012625,
    "final_mse_db": -17.71151273601628
  },
  "SSM-AF": {
    "erle_db": -4.412858919918692e-10,
    "final_mse_db": -0.06935648822422241
  }
}