{
  "LMS": {
    "erle_db": 16.29402566786925,
    "final_mse_db": -16.191057747182672
  },
  "NLMS": {
    "erle_db": 16.209020971524673,
    "final_mse_db": -16.10605305083811
  },
  "RLS": {
    "erle_db": 14.194190535307012,
    "final_mse_db": -14.091222614620467
  },
  "SSM-AF": {
    "erle_db": 15.346660582736614,
    "final_mse_db": -15.243690439026725
  }
}